-- phpMyAdmin SQL Dump
-- version 4.1.14.8
-- http://www.phpmyadmin.net
--
-- Servidor: db678638694.db.1and1.com
-- Tiempo de generación: 15-08-2017 a las 19:56:48
-- Versión del servidor: 5.5.57-0+deb7u1-log
-- Versión de PHP: 5.4.45-0+deb7u9

SET SQL_MODE = "NO_AUTO_VALUE_ON_ZERO";
SET time_zone = "+00:00";


/*!40101 SET @OLD_CHARACTER_SET_CLIENT=@@CHARACTER_SET_CLIENT */;
/*!40101 SET @OLD_CHARACTER_SET_RESULTS=@@CHARACTER_SET_RESULTS */;
/*!40101 SET @OLD_COLLATION_CONNECTION=@@COLLATION_CONNECTION */;
/*!40101 SET NAMES utf8 */;

--
-- Base de datos: `db678638694`
--

-- --------------------------------------------------------

--
-- Estructura de tabla para la tabla `actividades_empresa`
--

CREATE TABLE IF NOT EXISTS `actividades_empresa` (
  `id` int(11) NOT NULL AUTO_INCREMENT,
  `nombre` varchar(255) DEFAULT NULL,
  PRIMARY KEY (`id`)
) ENGINE=InnoDB  DEFAULT CHARSET=utf8 AUTO_INCREMENT=62 ;

--
-- Volcado de datos para la tabla `actividades_empresa`
--

INSERT INTO `actividades_empresa` (`id`, `nombre`) VALUES
(1, 'Comercio Exterior'),
(2, 'Agropecuaria'),
(3, 'Arquitectura'),
(4, 'Banca / Financiera'),
(5, 'Consultoría'),
(6, 'Consumo masivo'),
(7, 'Comercio'),
(8, 'Aérea'),
(9, 'Defensa'),
(10, 'Educación'),
(11, 'Energía'),
(12, 'Farmacéutica'),
(13, 'Gobierno'),
(14, 'Internet'),
(15, 'Jurídica'),
(16, 'Manufactura'),
(17, 'Publicidad / Marketing / RRPP'),
(18, 'Minería / Petróleo / Gas'),
(19, 'Medios'),
(20, 'ONGs'),
(21, 'Transporte'),
(22, 'Otra'),
(23, 'Servicios'),
(24, 'Entretenimiento'),
(25, 'Diseño'),
(26, 'Financiera'),
(27, 'Química'),
(28, 'Seguros'),
(29, 'Supermercado / Hipermercado'),
(30, 'Pesca'),
(31, 'Forestal'),
(32, 'Biotecnología'),
(33, 'Telecomunicaciones'),
(34, 'Informática / Tecnología'),
(35, 'Construcción'),
(36, 'Automotriz'),
(37, 'Salud'),
(38, 'Turismo'),
(39, 'Hotelería'),
(40, 'Imprenta'),
(41, 'Holding'),
(42, 'Inmobiliaria'),
(43, 'Siderurgia'),
(44, 'Textil'),
(45, 'Agro-Industrial'),
(46, 'Gastronomía'),
(47, 'Alimenticia'),
(48, 'Artesanal'),
(49, 'Información e Investigación'),
(50, 'Correo'),
(51, 'Editorial'),
(52, 'Ganadería'),
(53, 'AFJP'),
(54, 'Higiene y Perfumería'),
(55, 'Papelera'),
(56, 'Laboratorio'),
(57, 'Petroquímica'),
(58, 'Retail'),
(59, 'Transportadora'),
(60, 'Tabacalera'),
(61, 'Plásticos');

-- --------------------------------------------------------

--
-- Estructura de tabla para la tabla `areas`
--

CREATE TABLE IF NOT EXISTS `areas` (
  `id` int(11) NOT NULL AUTO_INCREMENT,
  `nombre` varchar(64) DEFAULT NULL,
  `amigable` varchar(64) DEFAULT NULL,
  PRIMARY KEY (`id`)
) ENGINE=InnoDB  DEFAULT CHARSET=utf8 AUTO_INCREMENT=23 ;

--
-- Volcado de datos para la tabla `areas`
--

INSERT INTO `areas` (`id`, `nombre`, `amigable`) VALUES
(1, 'Administración, Contabilidad y Finanzas', 'administracion-contabilidad-y-finanzas'),
(2, 'Aduana y Comercio Exterior', 'aduana-y-comercio-exterior'),
(3, 'Abastecimiento y Logística', 'abastecimiento-y-logistica'),
(4, 'Ingeniería Civil y Construcción', 'ingenieria-civil-y-construccion'),
(5, 'Comercial, Ventas y Negocios', 'comercial-ventas-y-negocios'),
(6, 'Educación, Docencia e Investigación', 'educacion-docencia-e-investigacion'),
(7, 'Gastronomía y Turismo', 'gastronomia-y-turismo'),
(8, 'Gerencia y Dirección General', 'gerencia-y-direccion-general'),
(9, 'Legales', 'legales'),
(10, 'Marketing y Publicidad', 'marketing-y-publicidad'),
(11, 'Producción y Manufactura', 'produccion-y-manufactura'),
(12, 'Recursos Humanos y Capacitación', 'recursos-humanos-y-capacitacion'),
(13, 'Comunicación, Relaciones Institucionales y Públicas', 'comunicacion-relaciones-institucionales-y-publicas'),
(14, 'Tecnología, Sistemas y Telecomunicaciones', 'tecnologia-sistemas-y-telecomunicaciones'),
(15, 'Oficios y Otros', 'oficios-y-otros'),
(16, 'Salud, Medicina y Farmacia', 'salud-medicina-y-farmacia'),
(17, 'Atención al Cliente, Call Center y Telemarketing', 'atencion-al-cliente-call-center-y-telemarketing'),
(18, 'Secretarias y Recepción', 'secretarias-y-recepcion'),
(19, 'Seguros', 'seguros'),
(20, 'Minería, Petróleo y Gas', 'mineria-petroleo-y-gas'),
(21, 'Ingenierías', 'ingenierias'),
(22, 'Diseño', 'diseno');

-- --------------------------------------------------------

--
-- Estructura de tabla para la tabla `areas_estudio`
--

CREATE TABLE IF NOT EXISTS `areas_estudio` (
  `id` int(11) NOT NULL AUTO_INCREMENT,
  `nombre` varchar(255) NOT NULL,
  `amigable` varchar(255) NOT NULL,
  PRIMARY KEY (`id`)
) ENGINE=InnoDB  DEFAULT CHARSET=utf8 AUTO_INCREMENT=146 ;

--
-- Volcado de datos para la tabla `areas_estudio`
--

INSERT INTO `areas_estudio` (`id`, `nombre`, `amigable`) VALUES
(1, 'Organización Industrial', 'organizacion-industrial'),
(2, 'Abogacía / Derecho / Leyes', 'abogacia-derecho-leyes'),
(3, 'Geofísica', 'geofisica'),
(4, 'Adm. de Empresas', 'adm-de-empresas'),
(5, 'Ing. Comercial', 'ing-comercial'),
(6, 'Ing. Nuclear', 'ing-nuclear'),
(7, 'Arquitectura', 'arquitectura'),
(8, 'Seguros', 'seguros'),
(9, 'Bellas Artes', 'bellas-artes'),
(10, 'Tecnología de Alimentos', 'tecnologia-de-alimentos'),
(11, 'Biología', 'biologia'),
(12, 'Ciencias Políticas', 'ciencias-politicas'),
(13, 'Intérprete', 'interprete'),
(14, 'Ciencias Físicas', 'ciencias-fisicas'),
(15, 'Ciencias de la Educación', 'ciencias-de-la-educacion'),
(16, 'Computación / Informática', 'computacion-informatica'),
(17, 'Apoderado Aduanal', 'apoderado-aduanal'),
(18, 'Contabilidad / Auditoría', 'contabilidad-auditoria'),
(19, 'Asesoría Legal Internacional', 'asesoria-legal-internacional'),
(20, 'Construcción / Obras Civiles', 'construccion-obras-civiles'),
(21, 'Asistente de Tráfico', 'asistente-de-trafico'),
(22, 'Diseño Gráfico', 'diseno-grafico'),
(23, 'Capacitación Comercio Exterior', 'capacitacion-comercio-exterior'),
(24, 'Economía', 'economia'),
(25, 'Compras Internacionales/Importación', 'compras-internacionales-importacion'),
(26, 'Enfermería', 'enfermeria'),
(27, 'Consultorías Comercio Exterior', 'consultorias-comercio-exterior'),
(28, 'Finanzas Internacionales', 'finanzas-internacionales'),
(29, 'Asesoría en Comercio Exterior Jubilado', 'asesoria-en-comercio-exterior-jubilado'),
(30, 'Filosofía', 'filosofia'),
(31, 'Asesoría en Comercio Exterior', 'asesoria-en-comercio-exterior'),
(32, 'Fisioterapia', 'fisioterapia'),
(33, 'Mercadotecnia Internacional', 'mercadotecnia-internacional'),
(34, 'Fotografía', 'fotografia'),
(35, 'Tecnologías de la Información', 'tecnologias-de-la-informacion'),
(36, 'Ventas Internacionales/Exportación', 'ventas-internacionales-exportacion'),
(37, 'Historia', 'historia'),
(38, 'Administración Agropecuaria', 'administracion-agropecuaria'),
(39, 'Geografía', 'geografia'),
(40, 'Ing. Agropecuario', 'ing-agropecuario'),
(41, 'Hotelería', 'hoteleria'),
(42, 'Call Center', 'call-center'),
(43, 'Ing. Aerospacial', 'ing-aerospacial'),
(44, 'Ing. Industrial', 'ing-industrial'),
(45, 'Ing. Eléctrica', 'ing-electrica'),
(46, 'Ing. Electrónica', 'ing-electronica'),
(47, 'Ing. Hidraúlica', 'ing-hidraulica'),
(48, 'Ing. Informática', 'ing-informatica'),
(49, 'Ing. Naval', 'ing-naval'),
(50, 'Ing. Obras Civiles/Construcción', 'ing-obras-civiles-construccion'),
(51, 'Ing. Química', 'ing-quimica'),
(52, 'Ing. Sonido', 'ing-sonido'),
(53, 'Ing. Transporte', 'ing-transporte'),
(54, 'Medicina', 'medicina'),
(55, 'Matemáticas', 'matematicas'),
(56, 'Música', 'musica'),
(57, 'Odontología', 'odontologia'),
(58, 'Periodismo', 'periodismo'),
(59, 'Comunicación Social', 'comunicacion-social'),
(60, 'Publicidad', 'publicidad'),
(61, 'Química', 'quimica'),
(62, 'Relaciones Públicas', 'relaciones-publicas'),
(63, 'Secretariado', 'secretariado'),
(64, 'Sociología', 'sociologia'),
(65, 'Trabajo Social', 'trabajo-social'),
(66, 'Turismo', 'turismo'),
(67, 'Veterinaria', 'veterinaria'),
(68, 'Ing. Ambiental', 'ing-ambiental'),
(69, 'Ing. Matemática', 'ing-matematica'),
(70, 'Ing. Mecánica/Metalúrgica', 'ing-mecanica-metalurgica'),
(71, 'Ing. en Sistemas', 'ing-en-sistemas'),
(72, 'Ing. en Minas', 'ing-en-minas'),
(73, 'Acuicultura', 'acuicultura'),
(74, 'Adm. y Gestión Pública', 'adm-y-gestion-publica'),
(75, 'Agronegocios', 'agronegocios'),
(76, 'Análisis de Sistemas', 'analisis-de-sistemas'),
(77, 'Antropología', 'antropologia'),
(78, 'Arqueología', 'arqueologia'),
(79, 'Astronomía', 'astronomia'),
(80, 'Cartografía', 'cartografia'),
(81, 'Comercio Int./Ext.', 'comercio-int-ext'),
(82, 'Comunicación Audiovisual', 'comunicacion-audiovisual'),
(83, 'Dibujo Técnico', 'dibujo-tecnico'),
(84, 'Diseño Industrial', 'diseno-industrial'),
(85, 'Diseño de Vestuario / Textil / Modas', 'diseno-de-vestuario-textil-modas'),
(86, 'Ecología', 'ecologia'),
(87, 'Ing. Alimentos', 'ing-alimentos'),
(88, 'Ing. Forestal', 'ing-forestal'),
(89, 'Ing. Pesquera / Cultivos Marinos', 'ing-pesquera-cultivos-marinos'),
(90, 'Literatura', 'literatura'),
(91, 'Nutrición', 'nutricion'),
(92, 'Oceanografía', 'oceanografia'),
(93, 'Paisajismo', 'paisajismo'),
(94, 'Programación', 'programacion'),
(95, 'Bibliotecología', 'bibliotecologia'),
(96, 'Bioquímica', 'bioquimica'),
(97, 'Electrónica', 'electronica'),
(98, 'Ing. Telecomunicaciones', 'ing-telecomunicaciones'),
(99, 'Laboratorio (Mecánica) Dental', 'laboratorio-mecanica-dental'),
(100, 'Mecánica / Metalúrgica', 'mecanica-metalurgica'),
(101, 'Relaciones Internac.', 'relaciones-internac'),
(102, 'Seguridad Industrial', 'seguridad-industrial'),
(103, 'Terapia Ocupacional', 'terapia-ocupacional'),
(104, 'Electricidad', 'electricidad'),
(105, 'Estadística', 'estadistica'),
(106, 'Farmacia', 'farmacia'),
(107, 'Finanzas', 'finanzas'),
(108, 'Ingeniero vial', 'ingeniero-vial'),
(109, 'Gastronomía / Cocina', 'gastronomia-cocina'),
(110, 'Geología / Geomensura / Topografía', 'geologia-geomensura-topografia'),
(111, 'Hidráulica', 'hidraulica'),
(112, 'Ingeniero en construcción', 'ingeniero-en-construccion'),
(113, 'Enología', 'enologia'),
(114, 'Ing. Petróleo', 'ing-petroleo'),
(115, 'Marketing / Comercialización', 'marketing-comercializacion'),
(116, 'Medio Ambiente', 'medio-ambiente'),
(117, 'Minería / Petróleo / Gas', 'mineria-petroleo-gas'),
(118, 'Psicología', 'psicologia'),
(119, 'Psicopedagogía', 'psicopedagogia'),
(120, 'Recursos Humanos / Relac. Ind.', 'recursos-humanos-relac-ind'),
(121, 'Tecnología Médica / Laboratorio', 'tecnologia-medica-laboratorio'),
(122, 'Telecomunicaciones', 'telecomunicaciones'),
(123, 'Traducción ', 'traduccion'),
(124, 'Transporte', 'transporte'),
(125, 'Bachiller', 'bachiller'),
(126, 'Educacion', 'educacion'),
(127, 'Maestro Mayor de Obras', 'maestro-mayor-de-obras'),
(128, 'Perito Mercantil', 'perito-mercantil'),
(129, 'Tecnico', 'tecnico'),
(130, 'Ing. Agrónomo', 'ing-agronomo'),
(131, 'Ing. en Materiales', 'ing-en-materiales'),
(132, 'Fonoaudiologia', 'fonoaudiologia'),
(133, 'Diseño de Imagen y Sonido', 'diseno-de-imagen-y-sonido'),
(134, 'Ciencias del Ejercicio / Educacion Física', 'ciencias-del-ejercicio-educacion-fisica'),
(135, 'Actuaría', 'actuaria'),
(136, 'BioFisica', 'biofisica'),
(137, 'Otra', 'otra'),
(138, 'Ing. - otros', 'ing-otros'),
(139, 'Procesos / Calidad Total', 'procesos-calidad-total'),
(140, 'Biotecnología', 'biotecnologia'),
(141, 'Agrimensor', 'agrimensor'),
(142, 'Ing. Recursos Hídricos', 'ing-recursos-hidricos'),
(143, 'Bioingeniería', 'bioingenieria'),
(144, 'Kinesiología', 'kinesiologia'),
(145, 'Escribanía', 'escribania');

-- --------------------------------------------------------

--
-- Estructura de tabla para la tabla `areas_sectores`
--

CREATE TABLE IF NOT EXISTS `areas_sectores` (
  `id` int(11) NOT NULL AUTO_INCREMENT,
  `id_area` int(11) DEFAULT NULL,
  `nombre` varchar(64) DEFAULT NULL,
  `amigable` varchar(64) DEFAULT NULL,
  PRIMARY KEY (`id`)
) ENGINE=InnoDB  DEFAULT CHARSET=utf8 AUTO_INCREMENT=175 ;

--
-- Volcado de datos para la tabla `areas_sectores`
--

INSERT INTO `areas_sectores` (`id`, `id_area`, `nombre`, `amigable`) VALUES
(1, 2, 'Apoderado Aduanal', 'apoderado-aduanal'),
(2, 2, 'Compras Internacionales/Importación', 'compras-internacionales-importacion'),
(3, 2, 'Consultorías Comercio Exterior', 'consultorias-comercio-exterior'),
(4, 2, 'Ventas Internacionales/Exportación', 'ventas-internacionales-exportacion'),
(5, 1, 'Administración', 'administracion'),
(6, 1, 'Análisis de Riesgos', 'analisis-de-riesgos'),
(7, 1, 'Auditoría', 'auditoria'),
(8, 1, 'Clearing', 'clearing'),
(9, 1, 'Consultoria', 'consultoria'),
(10, 1, 'Contabilidad', 'contabilidad'),
(11, 1, 'Control de Gestión', 'control-de-gestion'),
(12, 1, 'Corporate Finance / Banca Inversión', 'corporate-finance-banca-inversion'),
(13, 1, 'Créditos y Cobranzas', 'creditos-y-cobranzas'),
(14, 1, 'Cuentas Corrientes', 'cuentas-corrientes'),
(15, 1, 'Evaluación Económica', 'evaluacion-economica'),
(16, 1, 'Facturación', 'facturacion'),
(17, 1, 'Finanzas', 'finanzas'),
(18, 1, 'Finanzas Internacionales', 'finanzas-internacionales'),
(19, 1, 'Impuestos', 'impuestos'),
(20, 1, 'Inversiones / Proyectos de Inversión', 'inversiones-proyectos-de-inversion'),
(21, 1, 'Mercado de Capitales', 'mercado-de-capitales'),
(22, 1, 'Organización y Métodos', 'organizacion-y-metodos'),
(23, 1, 'Planeamiento económico-financiero', 'planeamiento-economico-financiero'),
(24, 1, 'Tesorería', 'tesoreria'),
(25, 4, 'Arquitectura', 'arquitectura'),
(26, 4, 'Construcción', 'construccion'),
(27, 4, 'Dirección de Obra', 'direccion-de-obra'),
(28, 4, 'Ingeniería Civil', 'ingenieria-civil'),
(29, 4, 'Instrumentación', 'instrumentacion'),
(30, 4, 'Operaciones', 'operaciones'),
(31, 4, 'Seguridad e Higiene', 'seguridad-e-higiene'),
(32, 4, 'Topografía', 'topografia'),
(33, 4, 'Urbanismo', 'urbanismo'),
(34, 3, 'Abastecimiento', 'abastecimiento'),
(35, 3, 'Almacén / Depósito / Expedición', 'almacen-deposito-expedicion'),
(36, 3, 'Asistente de Tráfico', 'asistente-de-trafico'),
(37, 3, 'Compras', 'compras'),
(38, 3, 'Distribución', 'distribucion'),
(39, 3, 'Logística', 'logistica'),
(40, 3, 'Transporte', 'transporte'),
(41, 5, 'Comercial', 'comercial'),
(42, 5, 'Comercio Exterior', 'comercio-exterior'),
(43, 5, 'Desarrollo de Negocios', 'desarrollo-de-negocios'),
(44, 5, 'Negocios Internacionales', 'negocios-internacionales'),
(45, 5, 'Planeamiento comercial', 'planeamiento-comercial'),
(46, 5, 'Ventas', 'ventas'),
(47, 6, 'Bienestar Estudiantil', 'bienestar-estudiantil'),
(48, 6, 'Educación', 'educacion'),
(49, 6, 'Educación especial', 'educacion-especial'),
(50, 6, 'Educación/ Docentes', 'educacion-docentes'),
(51, 6, 'Idiomas', 'idiomas'),
(52, 6, 'Investigación y Desarrollo', 'investigacion-y-desarrollo'),
(53, 6, 'Psicopedagogía', 'psicopedagogia'),
(54, 7, 'Camareros', 'camareros'),
(55, 7, 'Casinos', 'casinos'),
(56, 7, 'Gastronomia', 'gastronomia'),
(57, 7, 'Hotelería', 'hoteleria'),
(58, 7, 'Turismo', 'turismo'),
(59, 8, 'Dirección', 'direccion'),
(60, 8, 'Gerencia / Dirección General', 'gerencia-direccion-general'),
(61, 9, 'Asesoría Legal Internacional', 'asesoria-legal-internacional'),
(62, 9, 'Garantías', 'garantias'),
(63, 9, 'Legal', 'legal'),
(64, 10, 'Business Intelligence', 'business-intelligence'),
(65, 10, 'Community Management', 'community-management'),
(66, 10, 'Creatividad', 'creatividad'),
(67, 10, 'E-commerce', 'e-commerce'),
(68, 10, 'Marketing', 'marketing'),
(69, 10, 'Media Planning', 'media-planning'),
(70, 10, 'Mercadotecnia Internacional', 'mercadotecnia-internacional'),
(71, 10, 'Multimedia', 'multimedia'),
(72, 10, 'Producto', 'producto'),
(73, 11, 'Calidad', 'calidad'),
(74, 11, 'Mantenimiento', 'mantenimiento'),
(75, 11, 'Producción', 'produccion'),
(76, 11, 'Programación de producción', 'programacion-de-produccion'),
(77, 12, 'Administración de Personal', 'administracion-de-personal'),
(78, 12, 'Capacitación', 'capacitacion'),
(79, 12, 'Capacitación Comercio Exterior', 'capacitacion-comercio-exterior'),
(80, 12, 'Compensación y Planilla', 'compensacion-y-planilla'),
(81, 12, 'Recursos Humanos', 'recursos-humanos'),
(82, 12, 'Selección', 'seleccion'),
(83, 14, 'Administración de Base de Datos', 'administracion-de-base-de-datos'),
(84, 14, 'Análisis Funcional', 'analisis-funcional'),
(85, 14, 'Data Entry', 'data-entry'),
(86, 14, 'Data Warehousing', 'data-warehousing'),
(87, 14, 'Infraestructura', 'infraestructura'),
(88, 14, 'Internet', 'internet'),
(89, 14, 'Liderazgo de Proyecto', 'liderazgo-de-proyecto'),
(90, 14, 'Programación', 'programacion'),
(91, 14, 'Redes', 'redes'),
(92, 14, 'Seguridad Informática', 'seguridad-informatica'),
(93, 14, 'Sistemas', 'sistemas'),
(94, 14, 'Soporte Técnico', 'soporte-tecnico'),
(95, 14, 'Tecnologia / Sistemas', 'tecnologia-sistemas'),
(96, 14, 'Tecnologías de la Información', 'tecnologias-de-la-informacion'),
(97, 14, 'Telecomunicaciones', 'telecomunicaciones'),
(98, 14, 'Testing / QA / QC', 'testing-qa-qc'),
(99, 13, 'Comunicacion', 'comunicacion'),
(100, 13, 'Comunicaciones Externas', 'comunicaciones-externas'),
(101, 13, 'Comunicaciones Internas', 'comunicaciones-internas'),
(102, 13, 'Periodismo', 'periodismo'),
(103, 13, 'Relaciones Institucionales/Publicas', 'relaciones-institucionales-publicas'),
(104, 13, 'Responsabilidad Social', 'responsabilidad-social'),
(105, 15, 'Aeropuertos', 'aeropuertos'),
(106, 15, 'Arte y Cultura', 'arte-y-cultura'),
(107, 15, 'Back Office', 'back-office'),
(108, 15, 'Cadetería', 'cadeteria'),
(109, 15, 'Caja', 'caja'),
(110, 15, 'Estética y Cuidado Personal', 'estetica-y-cuidado-personal'),
(111, 15, 'Independientes', 'independientes'),
(112, 15, 'Jóvenes Profesionales', 'jovenes-profesionales'),
(113, 15, 'Mantenimiento y Limpieza', 'mantenimiento-y-limpieza'),
(114, 15, 'Oficios y Profesiones', 'oficios-y-profesiones'),
(115, 15, 'Otros', 'otros'),
(116, 15, 'Packaging', 'packaging'),
(117, 15, 'Pasantía / Trainee', 'pasantia-trainee'),
(118, 15, 'Planeamiento', 'planeamiento'),
(119, 15, 'Promotoras/es', 'promotoras-es'),
(120, 15, 'Prácticas Profesionales', 'practicas-profesionales'),
(121, 15, 'Seguridad', 'seguridad'),
(122, 15, 'Servicios', 'servicios'),
(123, 15, 'Trabajo Social', 'trabajo-social'),
(124, 15, 'Traduccion', 'traduccion'),
(125, 15, 'Transporte', 'transporte'),
(126, 17, 'Atención al Cliente', 'atencion-al-cliente'),
(127, 17, 'Call Center', 'call-center'),
(128, 17, 'Telemarketing', 'telemarketing'),
(129, 16, 'Bioquímica', 'bioquimica'),
(130, 16, 'Farmacéutica', 'farmaceutica'),
(131, 16, 'Laboratorio', 'laboratorio'),
(132, 16, 'Medicina', 'medicina'),
(133, 16, 'Química', 'quimica'),
(134, 16, 'Salud', 'salud'),
(135, 16, 'Veterinaria', 'veterinaria'),
(136, 18, 'Asistente', 'asistente'),
(137, 18, 'Recepcionista', 'recepcionista'),
(138, 18, 'Secretaria', 'secretaria'),
(139, 18, 'Telefonista', 'telefonista'),
(140, 19, 'Administracion de Seguros', 'administracion-de-seguros'),
(141, 19, 'Auditoría de Seguros', 'auditoria-de-seguros'),
(142, 19, 'Seguros', 'seguros'),
(143, 19, 'Tecnico de Seguros', 'tecnico-de-seguros'),
(144, 19, 'Venta de Seguros', 'venta-de-seguros'),
(145, 20, 'Exploración Minera y Petroquimica', 'exploracion-minera-y-petroquimica'),
(146, 20, 'Ingeniería Geológica', 'ingenieria-geologica'),
(147, 20, 'Ingeniería en Minas', 'ingenieria-en-minas'),
(148, 20, 'Ingeniería en Petróleo y Petroquímica', 'ingenieria-en-petroleo-y-petroquimica'),
(149, 20, 'Instrumentación Minera', 'instrumentacion-minera'),
(150, 20, 'Medio Ambiente', 'medio-ambiente'),
(151, 20, 'Mineria/Petroleo/Gas', 'mineria-petroleo-gas'),
(152, 20, 'Seguridad Industrial', 'seguridad-industrial'),
(153, 21, 'Ingeniería  Automotriz', 'ingenieria-automotriz'),
(154, 21, 'Ingeniería  Eléctrica y Electrónica', 'ingenieria-electrica-y-electronica'),
(155, 21, 'Ingeniería  Industrial', 'ingenieria-industrial'),
(156, 21, 'Ingeniería  Mecánica', 'ingenieria-mecanica'),
(157, 21, 'Ingeniería  Metalurgica', 'ingenieria-metalurgica'),
(158, 21, 'Ingeniería  Textil', 'ingenieria-textil'),
(159, 21, 'Ingeniería Agrónoma', 'ingenieria-agronoma'),
(160, 21, 'Ingeniería Electromecánica', 'ingenieria-electromecanica'),
(161, 21, 'Ingeniería Oficina Técnica / Proyecto', 'ingenieria-oficina-tecnica-proyecto'),
(162, 21, 'Ingeniería Química', 'ingenieria-quimica'),
(163, 21, 'Ingeniería de Procesos', 'ingenieria-de-procesos'),
(164, 21, 'Ingeniería de Producto', 'ingenieria-de-producto'),
(165, 21, 'Ingeniería de Ventas', 'ingenieria-de-ventas'),
(166, 21, 'Ingeniería en Alimentos', 'ingenieria-en-alimentos'),
(167, 21, 'Otras Ingenierias', 'otras-ingenierias'),
(168, 22, 'Diseño', 'diseno'),
(169, 22, 'Diseño Gráfico', 'diseno-grafico'),
(170, 22, 'Diseño Industrial', 'diseno-industrial'),
(171, 22, 'Diseño Multimedia', 'diseno-multimedia'),
(172, 22, 'Diseño Textil e Indumentaria', 'diseno-textil-e-indumentaria'),
(173, 22, 'Diseño Web', 'diseno-web'),
(174, 22, 'Diseño de Interiores / Decoración', 'diseno-de-interiores-decoracion');

-- --------------------------------------------------------

--
-- Estructura de tabla para la tabla `categorias`
--

CREATE TABLE IF NOT EXISTS `categorias` (
  `id` int(11) NOT NULL AUTO_INCREMENT,
  `nombre` varchar(255) DEFAULT NULL,
  `fecha_creacion` datetime DEFAULT NULL,
  `fecha_actualizacion` datetime DEFAULT NULL,
  PRIMARY KEY (`id`)
) ENGINE=InnoDB  DEFAULT CHARSET=utf8 AUTO_INCREMENT=3 ;

--
-- Volcado de datos para la tabla `categorias`
--

INSERT INTO `categorias` (`id`, `nombre`, `fecha_creacion`, `fecha_actualizacion`) VALUES
(1, 'ENTRENAMIENTO', '2017-06-20 10:05:42', '2017-06-20 10:05:42'),
(2, 'Tips', '2017-08-15 20:45:21', '2017-08-15 20:45:21');

-- --------------------------------------------------------

--
-- Estructura de tabla para la tabla `configuraciones`
--

CREATE TABLE IF NOT EXISTS `configuraciones` (
  `id` int(11) NOT NULL AUTO_INCREMENT,
  `iva` float NOT NULL,
  PRIMARY KEY (`id`)
) ENGINE=InnoDB  DEFAULT CHARSET=utf8 AUTO_INCREMENT=2 ;

--
-- Volcado de datos para la tabla `configuraciones`
--

INSERT INTO `configuraciones` (`id`, `iva`) VALUES
(1, 0.21);

-- --------------------------------------------------------

--
-- Estructura de tabla para la tabla `empresas`
--

CREATE TABLE IF NOT EXISTS `empresas` (
  `id` int(255) NOT NULL AUTO_INCREMENT,
  `uid` int(11) NOT NULL,
  `id_imagen` int(11) DEFAULT NULL,
  `nombre_responsable` varchar(64) DEFAULT NULL,
  `apellido_responsable` varchar(32) DEFAULT NULL,
  `nombre` varchar(64) DEFAULT NULL,
  `razon_social` varchar(64) DEFAULT NULL,
  `clave` varchar(64) DEFAULT NULL,
  `correo_electronico` varchar(48) DEFAULT NULL,
  `confirmar` tinyint(4) NOT NULL DEFAULT '0',
  `telefono` varchar(48) DEFAULT NULL,
  `sitio_web` varchar(128) DEFAULT NULL,
  `facebook` varchar(128) DEFAULT NULL,
  `twitter` varchar(128) DEFAULT NULL,
  `instagram` varchar(128) DEFAULT NULL,
  `snapchat` varchar(128) DEFAULT NULL,
  `fecha_creacion` datetime DEFAULT NULL,
  `fecha_actualizacion` datetime DEFAULT NULL,
  `codigo_recuperacion` varchar(16) DEFAULT NULL,
  `id_actividad` int(11) DEFAULT NULL,
  `cuit` varchar(255) DEFAULT NULL,
  `suspendido` tinyint(1) DEFAULT NULL,
  `verificado` tinyint(1) DEFAULT NULL,
  `linkedin` varchar(128) DEFAULT NULL,
  PRIMARY KEY (`id`,`uid`)
) ENGINE=InnoDB  DEFAULT CHARSET=utf8 ROW_FORMAT=COMPACT AUTO_INCREMENT=44 ;

--
-- Volcado de datos para la tabla `empresas`
--

INSERT INTO `empresas` (`id`, `uid`, `id_imagen`, `nombre_responsable`, `apellido_responsable`, `nombre`, `razon_social`, `clave`, `correo_electronico`, `confirmar`, `telefono`, `sitio_web`, `facebook`, `twitter`, `instagram`, `snapchat`, `fecha_creacion`, `fecha_actualizacion`, `codigo_recuperacion`, `id_actividad`, `cuit`, `suspendido`, `verificado`, `linkedin`) VALUES
(1, 1, 0, 'DANIEL', 'M', 'OBRAS ', 'OBRAS PUBLICAS', '1', 'mitrabajofavorito@gmail.com', 1, '', '', '', '', '', '', '2017-04-22 10:55:25', '2017-04-22 10:55:25', NULL, NULL, '', 1, 1, NULL),
(3, 3, 8, 'Daniel', 'Maidana', 'Jobbers Argentina', 'Jobbers Argentina', 'edifier81', 'jobbersargentina@gmail.com', 1, '', '', 'https://www.facebook.com/conseguirtrabajoencordoba2015/', '', '', '', '2017-05-01 10:25:52', '2017-06-20 10:42:57', '1497967584', 5, '', 1, 1, 'https://www.linkedin.com/in/jobbers-argentina-4533b7134/'),
(4, 4, 11, 'alz', 'Aldana', 'alz-systems', 'Sistemas', '20725067', 'alz7xj@gmail.com', 1, '', '', '', '', '', '', '2017-05-02 10:42:28', '2017-05-02 11:02:02', '1493737552', NULL, '', 1, NULL, NULL),
(5, 23, 0, 'Daniel ', 'Maidana', 'Conseguir trabajo en córdoba ', 'CTC', '1', 'conseguirtrabajoencordobamkt@gmail.com', 1, '', '', '', '', '', '', '2017-06-28 09:37:43', '2017-06-28 09:37:43', NULL, NULL, '', 1, NULL, NULL),
(6, 25, 0, 'ctc', 'maidana', 'ctc', 'ccc', '1', 'karooliva1@gmail.com', 1, '', '', '', '', '', '', '2017-06-28 10:58:22', '2017-06-28 10:58:22', NULL, NULL, '', 1, NULL, NULL),
(12, 46, 0, 'Javier', 'molinari', 'CTC', 'CONSEGUIR TRABAJO EN CORDOBA', '1', 'ctc.cordoba.16@gmail.com', 1, '', '', '', '', '', '', '2017-06-29 12:30:04', '2017-06-29 12:30:04', NULL, NULL, '', 1, NULL, NULL),
(13, 47, 0, 'Javier', 'molinari', 'CTC', 'CONSEGUIR TRABAJO EN CORDOBA', '1', 'ctc.cordoba.16@gmail.com', 1, '', '', '', '', '', '', '2017-06-29 12:33:05', '2017-06-29 12:33:05', NULL, NULL, '', 1, NULL, NULL),
(14, 48, 0, 'Javier', 'molinari', 'CTC', 'CONSEGUIR TRABAJO EN CORDOBA', '1', 'ctc.cordoba.16@gmail.com', 0, '', '', '', '', '', '', '2017-06-29 12:33:56', '2017-06-29 12:33:56', NULL, NULL, '', 1, NULL, NULL),
(15, 56, 0, 'Javier', 'm', 'CTC', 'CTC1', '1', 'jobbersprueba@gmail.com', 1, '', '', '', '', '', '', '2017-06-29 04:37:36', '2017-06-29 04:37:36', NULL, NULL, '', 1, NULL, NULL),
(16, 62, 0, 'muriel auad ', 'auad', 'muriel', 'empresa', 'muriel34316017', 'murylomas@hotmail.com', 1, '', '', '', '', '', '', '2017-07-15 01:27:26', '2017-07-15 01:27:26', NULL, NULL, '', 1, NULL, NULL),
(17, 64, 0, 'daniel ', 'm', 'ctc', 'ctc sa', 'edifier81', 'conseguirtrabajomkt@gmail.com', 0, '', '', '', '', '', '', '2017-07-21 12:26:28', '2017-07-21 12:26:28', NULL, NULL, '', 1, NULL, NULL),
(18, 65, 0, 'daniel ', 'm', 'ctc', 'ctc sa', 'edifier81', 'conseguirtrabajomkt@gmail.com', 0, '', '', '', '', '', '', '2017-07-21 12:27:06', '2017-07-21 12:27:06', NULL, NULL, '', 1, NULL, NULL),
(19, 66, 17, 'carlos', 'm', 'ctc', 'ctc sa', 'edifier81', 'conseguirtrabajoencordoba@gmail.com', 1, '', '', '', '', '', '', '2017-07-21 08:21:16', '2017-07-21 08:21:16', NULL, 14, '', 1, NULL, NULL),
(21, 70, 21, 'Daniel', 'Maidana', 'Conseguir Trabajo en Córdoba', 'ctc', 'edifier81', 'jobbersmkt1@gmail.com', 1, '', '', '', '', '', '', '2017-07-31 04:26:16', '2017-07-31 04:26:16', NULL, NULL, '', 1, 1, NULL),
(22, 71, 22, 'cupcakeword', 'cupcake', 'word', 'sociedad anonima ', 'muriel34316017', 'mumi.auad@gmail.com', 1, '', '', '', '', '', '', '2017-08-02 11:13:24', '2017-08-07 11:31:26', '1502118494', NULL, '', NULL, 1, NULL),
(23, 72, 25, 'DANIEL', 'M', 'Jobbers Argentina', 'CDM', '1', 'jobberstbj@gmail.com', 0, '', 'Jobbersargentina@gmail.com', '', '', '', '', '2017-08-06 05:13:55', '2017-08-06 05:13:55', NULL, 14, '', 1, 1, NULL),
(24, 73, 0, 'Laura', 'Gutierrez', 'Rampa Consultores', 'Rampa Consultores', 'rampaconsultores2017', 'cvrampaconsultores@gmail.com', 1, '', '', '', '', '', '', '2017-08-10 10:18:01', '2017-08-10 10:18:01', NULL, NULL, '', NULL, 1, NULL),
(25, 74, 31, 'Daniel', 'Maidana', 'Jobbers Argentina', 'JOBBERS', 'edifier81', 'empleos@jobbersargentina.com', 1, '3513080197', 'jobbersargentina.com', '', '', '', '', '2017-08-11 12:17:58', '2017-08-11 12:17:58', NULL, NULL, '', NULL, 1, NULL),
(26, 203, 0, 'Daniel', 'M', 'JBCD', 'JBC', '1', 'jobbersprueba1@gmail.com', 0, '3333', '', '', '', '', '', '2017-08-14 12:33:11', '2017-08-14 12:33:11', NULL, NULL, '33', NULL, NULL, NULL),
(27, 204, 0, '1', 'w', 'w', 'w', '1', 'jobbersprueba2@gmail.com', 0, '', '', '', '', '', '', '2017-08-14 12:56:10', '2017-08-14 12:56:10', NULL, NULL, '', 1, NULL, NULL),
(28, 205, 0, 'daniel', 'maidana', 'ctc', 'ctc', 'edifier81', 'jobbersprueba3@gmail.com', 0, '', '', '', '', '', '', '2017-08-14 09:09:40', '2017-08-14 09:09:40', NULL, NULL, '', 1, NULL, NULL),
(29, 206, 0, 'daniel', 'maidana', 'jobbers', 'jbs', 'edifier82', 'jobbersprueba4@gmail.com', 1, '', '', '', '', '', '', '2017-08-14 09:32:53', '2017-08-14 09:32:53', NULL, NULL, '', NULL, NULL, NULL),
(32, 210, 0, 'daniel', 'maidana', 'ctc', 'ctc s a', 'edifier82', 'jobbersprueba5@gmail.com', 1, '', '', '', '', '', '', '2017-08-14 10:53:15', '2017-08-14 10:53:15', NULL, NULL, '', NULL, NULL, NULL),
(33, 211, 0, 'daniel', 'maidana', 'ctc', 'ctc s a', 'edifier82', 'jobbersprueba5@gmail.com', 1, '', '', '', '', '', '', '2017-08-14 10:54:23', '2017-08-14 10:54:23', NULL, NULL, '', NULL, NULL, NULL),
(34, 212, 0, 'Leonor', 'Reano', 'Laboratorio Roche', 'Laboratorio Roche', 'muriel34316017', 'muriauad@gmail.com', 1, '', '', '', '', '', '', '2017-08-14 11:31:26', '2017-08-14 11:31:26', NULL, NULL, '', NULL, NULL, NULL),
(35, 216, 0, '1', 'D', 'E', 'E', '1', 'jobbersprueba7@gmail.com', 0, '', '', '', '', '', '', '2017-08-15 10:28:01', '2017-08-15 10:28:01', NULL, NULL, '', NULL, NULL, NULL),
(36, 217, 0, 'Laura', '.', 'Rampaconsultores', 'Rampaconsultores', 'jobbers2017', 'laurag.rrhh@gmail.com', 0, '', '', '', '', '', '', '2017-08-15 12:16:51', '2017-08-15 12:16:51', NULL, NULL, '', NULL, NULL, NULL),
(37, 218, 0, 'Laura', '.', 'Rampaconsultores', 'Rampaconsultores', 'jobbers2017', 'laurag.rrhh@gmail.com', 0, '', '', '', '', '', '', '2017-08-15 12:17:12', '2017-08-15 12:17:12', NULL, NULL, '', NULL, NULL, NULL),
(38, 219, 0, 'Laura', '.', 'Rampaconsultores', 'Rampaconsultores', 'jobbers2017', 'laurag.rrhh@gmail.com', 0, '', '', '', '', '', '', '2017-08-15 12:17:12', '2017-08-15 12:17:12', NULL, NULL, '', NULL, NULL, NULL),
(39, 220, 0, 'Laura', '.', 'Rampaconsultores', 'Rampaconsultores', 'jobbers2017', 'laurag.rrhh@gmail.com', 1, '', '', '', '', '', '', '2017-08-15 12:17:13', '2017-08-15 12:17:13', NULL, NULL, '', NULL, NULL, NULL),
(40, 221, 0, 'Laura', '.', 'Rampaconsultores', 'Rampaconsultores', 'jobbers2017', 'laurag.rrhh@gmail.com', 1, '', '', '', '', '', '', '2017-08-15 12:18:17', '2017-08-15 12:18:17', NULL, NULL, '', NULL, 1, NULL),
(41, 223, 0, 'daniel', 'maidana', 'ctc', 'ctc', '1', 'jobbersprueba10@gmail.com', 0, '', '', '', '', '', '', '2017-08-15 03:54:56', '2017-08-15 03:54:56', NULL, NULL, '', NULL, NULL, NULL),
(42, 224, 0, 'daniel', 'maidana', 'ctc', 'ctc', '1', 'jobbersprueba10@gmail.com', 0, '', '', '', '', '', '', '2017-08-15 03:57:05', '2017-08-15 03:57:05', NULL, NULL, '', NULL, NULL, NULL),
(43, 225, 0, 'daniel', 'maidana', 'ctc', 'ctc', '1', 'jobbersprueba10@gmail.com', 0, '', '', '', '', '', '', '2017-08-15 03:57:09', '2017-08-15 03:57:09', NULL, NULL, '', NULL, NULL, NULL);

-- --------------------------------------------------------

--
-- Estructura de tabla para la tabla `empresas_chat`
--

CREATE TABLE IF NOT EXISTS `empresas_chat` (
  `id` int(11) NOT NULL AUTO_INCREMENT,
  `uid_usuario1` int(11) DEFAULT NULL,
  `uid_usuario2` int(11) DEFAULT NULL,
  `mensaje` text,
  `fecha_envio` datetime DEFAULT NULL,
  `fecha_lectura_usuario1` datetime DEFAULT NULL,
  `fecha_lectura_usuario2` datetime DEFAULT NULL,
  PRIMARY KEY (`id`)
) ENGINE=InnoDB  DEFAULT CHARSET=utf8 AUTO_INCREMENT=137 ;

--
-- Volcado de datos para la tabla `empresas_chat`
--

INSERT INTO `empresas_chat` (`id`, `uid_usuario1`, `uid_usuario2`, `mensaje`, `fecha_envio`, `fecha_lectura_usuario1`, `fecha_lectura_usuario2`) VALUES
(27, 3, 8, 'hola', '2017-05-17 13:08:03', '2017-05-17 13:08:03', '2017-05-17 13:14:04'),
(28, 3, 8, 'estoy probando', '2017-05-17 13:08:35', '2017-05-17 13:08:35', '2017-05-17 13:14:04'),
(29, 3, 8, 'Hola Franco', '2017-05-18 15:08:03', '2017-05-18 15:08:03', '2017-05-18 15:09:03'),
(30, 3, 6, 'Hola emi estas?', '2017-05-26 15:54:17', '2017-05-26 15:54:17', '2017-05-30 18:56:26'),
(31, 3, 8, 'Hola franco', '2017-05-26 15:55:00', '2017-05-26 15:55:00', '2017-05-30 11:41:38'),
(32, 3, 8, 'que haces ?', '2017-05-26 15:55:12', '2017-05-26 15:55:12', '2017-05-30 11:41:38'),
(33, 3, 8, 'hoy es lunes 29', '2017-05-29 10:15:11', '2017-05-29 10:15:11', '2017-05-30 11:41:38'),
(34, 3, 6, 'hola emi', '2017-05-30 10:56:54', '2017-05-30 10:56:54', '2017-05-30 18:56:26'),
(35, 3, 8, 'hola!!', '2017-05-30 11:37:19', '2017-05-30 11:37:19', '2017-05-30 11:41:38'),
(36, 3, 8, 'hola', '2017-05-30 11:37:30', '2017-05-30 11:37:30', '2017-05-30 11:41:38'),
(37, 6, 3, 'ehhhh', '2017-05-30 18:56:36', '2017-05-30 18:56:36', '2017-05-30 18:59:51'),
(38, 6, 3, 'hola de nuevo', '2017-05-30 18:57:35', '2017-05-30 18:57:35', '2017-05-30 18:59:51'),
(39, 6, 3, 'se me cae la sesión, puede ser?', '2017-05-30 18:57:56', '2017-05-30 18:57:56', '2017-05-30 18:59:51'),
(40, 3, 6, 'Hola EMI\n', '2017-05-30 19:01:37', '2017-05-30 19:01:37', '2017-05-30 19:01:50'),
(41, 6, 3, 'me asustó el ruidito de notificación del mensaje ja', '2017-05-30 19:02:10', '2017-05-30 19:02:10', '2017-05-30 19:02:12'),
(42, 3, 6, 'Jajajaja', '2017-05-30 19:03:55', '2017-05-30 19:03:55', '2017-05-30 19:04:03'),
(43, 6, 3, 'es una tontería, pero hay que cambiarlo', '2017-05-30 19:04:25', '2017-05-30 19:04:25', '2017-05-30 19:13:16'),
(44, 4, 10, 'hola pdonz', '2017-06-02 10:07:29', '2017-06-02 10:07:29', '2017-06-02 10:20:45'),
(45, 3, 6, 'hola', '2017-06-02 10:14:05', '2017-06-02 10:14:05', '2017-06-10 13:58:26'),
(46, 3, 12, 'hola!!', '2017-06-02 10:57:59', '2017-06-02 10:57:59', '2017-06-19 23:59:12'),
(47, 3, 12, 'como estas?', '2017-06-02 11:02:42', '2017-06-02 11:02:42', '2017-06-19 23:59:12'),
(48, 3, 12, 'hola', '2017-06-02 11:03:49', '2017-06-02 11:03:49', '2017-06-19 23:59:12'),
(49, 4, 10, 'hola', '2017-06-05 07:34:18', '2017-06-05 07:34:18', NULL),
(50, 4, 10, 'hola', '2017-06-05 07:34:28', '2017-06-05 07:34:28', NULL),
(51, 4, 10, 'hola', '2017-06-05 07:34:35', '2017-06-05 07:34:35', NULL),
(52, 4, 10, 'hola', '2017-06-05 07:34:51', '2017-06-05 07:34:51', NULL),
(53, 4, 10, 'hola', '2017-06-05 07:35:05', '2017-06-05 07:35:05', NULL),
(54, 4, 10, 'hola', '2017-06-05 07:44:23', '2017-06-05 07:44:23', NULL),
(55, 4, 10, 'hola', '2017-06-05 07:44:25', '2017-06-05 07:44:25', NULL),
(56, 3, 6, 'hola emi!\n', '2017-06-13 10:45:48', '2017-06-13 10:45:48', NULL),
(57, 3, 12, 'probando', '2017-06-22 21:46:35', '2017-06-22 21:46:35', '2017-06-22 21:46:36'),
(58, 12, 3, 'Ing. Kendry', '2017-06-22 21:46:57', '2017-06-22 21:46:57', '2017-06-22 21:47:00'),
(59, 12, 3, 'Probando envio email', '2017-06-22 23:37:51', '2017-06-22 23:37:51', '2017-06-22 23:38:27'),
(60, 0, 3, 'estoy interesado en el trabajo', '2017-06-23 16:14:43', '2017-06-23 16:14:43', NULL),
(61, 0, 3, 'holaaaaaaaaaaaaa', '2017-06-23 16:16:45', '2017-06-23 16:16:45', NULL),
(62, 0, 12, 'hola', '2017-06-23 16:24:56', '2017-06-23 16:24:56', NULL),
(63, 0, 12, '06242017', '2017-06-24 21:23:42', '2017-06-24 21:23:42', NULL),
(64, 0, 3, '...', '2017-06-24 21:47:08', '2017-06-24 21:47:08', NULL),
(65, 3, 12, 'h', '2017-06-24 21:55:17', '2017-06-24 21:55:17', '2017-06-24 21:55:33'),
(66, 0, 12, 'será?', '2017-06-24 22:09:15', '2017-06-24 22:09:15', NULL),
(67, 3, 12, 'm', '2017-06-24 22:15:09', '2017-06-24 22:15:09', '2017-06-24 22:28:40'),
(68, 3, 12, 'ortizkendry95', '2017-06-24 23:01:38', '2017-06-24 23:01:38', '2017-06-24 23:08:08'),
(69, 0, 3, 'respuesta devuelta', '2017-06-24 23:08:39', '2017-06-24 23:08:39', NULL),
(70, 3, 12, '.', '2017-06-24 23:09:38', '2017-06-24 23:09:38', '2017-06-24 23:09:42'),
(71, 0, 3, 'mmmm', '2017-06-24 23:13:34', '2017-06-24 23:13:34', NULL),
(72, 0, 3, 'pppp', '2017-06-24 23:24:14', '2017-06-24 23:24:14', NULL),
(73, 3, 12, 'empresa', '2017-06-24 23:33:24', '2017-06-24 23:33:24', '2017-06-24 23:34:28'),
(74, 12, 3, 'trabajador', '2017-06-24 23:34:47', '2017-06-24 23:34:47', '2017-06-24 23:47:34'),
(75, 0, 3, 'bbb', '2017-06-24 23:48:29', '2017-06-24 23:48:29', NULL),
(76, 0, 3, 'trabajador 322', '2017-06-25 00:05:04', '2017-06-25 00:05:04', NULL),
(77, 3, 12, '11', '2017-06-25 00:07:50', '2017-06-25 00:07:50', '2017-06-25 00:07:52'),
(78, 0, 3, 'asdbaksd', '2017-06-25 00:16:03', '2017-06-25 00:16:03', NULL),
(79, 0, 3, 'fcggxc', '2017-06-25 00:20:06', '2017-06-25 00:20:06', NULL),
(80, 12, 3, 'zx<', '2017-06-25 00:27:19', '2017-06-25 00:27:19', '2017-06-25 00:36:47'),
(81, 0, 3, 'asdasd', '2017-06-25 00:30:42', '2017-06-25 00:30:42', NULL),
(82, 0, 3, 'jg', '2017-06-25 00:36:01', '2017-06-25 00:36:01', NULL),
(83, 0, 3, 'fc', '2017-06-25 00:36:07', '2017-06-25 00:36:07', NULL),
(84, 12, 3, 'g', '2017-06-25 00:45:17', '2017-06-25 00:45:17', '2017-06-25 00:45:19'),
(85, 12, 3, 'fgjk', '2017-06-25 00:56:46', '2017-06-25 00:56:46', '2017-06-25 00:56:48'),
(86, 3, 12, 'prueba empresa', '2017-06-25 01:09:23', '2017-06-25 01:09:23', '2017-06-25 01:15:46'),
(87, 12, 3, 'prueba trabajador', '2017-06-25 01:15:53', '2017-06-25 01:15:53', '2017-06-25 01:15:57'),
(88, 3, 12, 'prueba empresa 2', '2017-06-25 01:24:40', '2017-06-25 01:24:40', '2017-06-25 01:25:20'),
(89, 12, 3, 'prueba trabajador 2', '2017-06-25 01:25:32', '2017-06-25 01:25:32', '2017-06-25 01:25:35'),
(90, 3, 12, 'prueba empresa 3', '2017-06-25 01:32:05', '2017-06-25 01:32:05', '2017-06-25 01:33:28'),
(91, 12, 3, 'prueba trabajador 3', '2017-06-25 01:33:42', '2017-06-25 01:33:42', '2017-06-25 01:33:46'),
(92, 3, 12, 'Hola Daniel', '2017-06-25 11:13:11', '2017-06-25 11:13:11', '2017-06-25 11:34:34'),
(93, 3, 12, 'son las 12:27 hs am', '2017-06-25 11:27:42', '2017-06-25 11:27:42', '2017-06-25 11:34:34'),
(94, 3, 12, 'sonlas 12: 28', '2017-06-25 11:28:02', '2017-06-25 11:28:02', '2017-06-25 11:34:34'),
(95, 3, 12, '12:29', '2017-06-25 11:29:09', '2017-06-25 11:29:09', '2017-06-25 11:34:34'),
(96, 3, 6, 'hola estas bien?', '2017-07-03 10:59:47', '2017-07-03 10:59:47', NULL),
(97, 3, 0, 'hola!', '2017-07-05 21:29:36', '2017-07-05 21:29:36', NULL),
(98, 3, 59, 'hola!\n', '2017-07-17 08:52:20', '2017-07-17 08:52:20', NULL),
(99, 3, 63, 'hola!!', '2017-07-19 10:29:04', '2017-07-19 10:29:04', '2017-07-19 10:29:57'),
(100, 63, 3, 'hola ', '2017-07-19 10:30:07', '2017-07-19 10:30:07', '2017-07-19 10:30:12'),
(101, 63, 3, ':)', '2017-07-19 10:30:14', '2017-07-19 10:30:14', '2017-07-19 10:30:14'),
(102, 3, 63, '=)', '2017-07-19 10:30:19', '2017-07-19 10:30:19', '2017-07-19 10:30:22'),
(103, 3, 63, 'muri tenes el secundaruo con analitico?', '2017-07-19 10:33:29', '2017-07-19 10:33:29', '2017-07-19 10:33:32'),
(104, 0, 0, 'h', '2017-07-25 10:47:39', '2017-07-25 10:47:39', NULL),
(105, 0, 0, 'hola tania!\n', '2017-07-26 16:22:36', '2017-07-26 16:22:36', NULL),
(106, 0, 0, 'hola lucas!', '2017-07-26 18:04:35', '2017-07-26 18:04:35', NULL),
(107, 67, 67, 'HOLA\n', '2017-07-28 05:07:28', '2017-07-28 05:07:28', NULL),
(108, 68, 69, 'hola daniel', '2017-07-30 00:28:35', '2017-07-30 00:28:35', '2017-08-06 18:58:04'),
(109, 68, 69, 'hola daniel', '2017-07-30 18:04:18', '2017-07-30 18:04:18', '2017-08-06 18:58:04'),
(110, 68, 69, 'hola!', '2017-07-30 18:13:40', '2017-07-30 18:13:40', '2017-08-06 18:58:04'),
(111, 70, 63, 'hola!', '2017-07-31 04:46:54', '2017-07-31 04:46:54', NULL),
(112, 70, 63, 'hola!', '2017-07-31 04:46:57', '2017-07-31 04:46:57', NULL),
(113, 70, 69, 'es de un plan gratuito\n', '2017-07-31 04:51:14', '2017-07-31 04:51:14', '2017-08-06 18:58:13'),
(114, 68, 69, 'hola!', '2017-07-31 04:58:14', '2017-07-31 04:58:14', '2017-08-06 18:58:04'),
(115, 68, 69, 'hola!', '2017-07-31 05:06:17', '2017-07-31 05:06:17', '2017-08-06 18:58:04'),
(116, 68, 69, 'prueba bronce 1', '2017-07-31 05:17:33', '2017-07-31 05:17:33', '2017-08-06 18:58:04'),
(117, 71, 69, 'Buenas tardes Daniel, te contactamos por el aviso de pastelero , estamos interesados en tu perfil, cuentas con disponibilidad para realizar una entrevista personal el dia martes 8 de agosto a las 09:00 hs ?', '2017-08-03 11:55:36', '2017-08-03 11:55:36', '2017-08-06 18:58:20'),
(118, 70, 69, 'Esto es una prueba de kendry', '2017-08-06 01:06:08', '2017-08-06 01:06:08', '2017-08-06 18:58:13'),
(119, 70, 63, 'hola muri!', '2017-08-06 11:32:40', '2017-08-06 11:32:40', NULL),
(120, 68, 69, 'hola', '2017-08-06 18:54:50', '2017-08-06 18:54:50', '2017-08-06 18:58:04'),
(121, 68, 69, '06/08 19:57', '2017-08-06 18:57:10', '2017-08-06 18:57:10', '2017-08-06 18:58:04'),
(122, 69, 71, 'Me parece excelente!', '2017-08-06 18:58:37', '2017-08-06 18:58:37', '2017-08-07 09:43:35'),
(123, 68, 69, 'hola!', '2017-08-06 19:02:11', '2017-08-06 19:02:11', '2017-08-06 19:03:29'),
(124, 69, 68, 'que va?', '2017-08-06 19:03:41', '2017-08-06 19:03:41', '2017-08-06 19:05:29'),
(125, 69, 71, 'hola!', '2017-08-07 09:43:28', '2017-08-07 09:43:28', '2017-08-07 09:43:35'),
(126, 71, 69, 'Buenos dias Daniel ', '2017-08-07 09:44:04', '2017-08-07 09:44:04', '2017-08-07 09:44:04'),
(127, 69, 71, 'dio negativo', '2017-08-07 09:44:09', '2017-08-07 09:44:09', '2017-08-07 09:44:09'),
(128, 71, 69, 'lo dejo a tu criterio si festejamos o nos deprimimos jajjaa', '2017-08-07 09:44:39', '2017-08-07 09:44:39', '2017-08-07 09:44:39'),
(129, 69, 71, 'JAJAJA', '2017-08-07 09:44:46', '2017-08-07 09:44:46', '2017-08-07 09:44:50'),
(130, 69, 71, 'http://www.scorza.com.ar/es/contacto', '2017-08-07 10:22:05', '2017-08-07 10:22:05', '2017-08-07 10:22:10'),
(131, 69, 71, 'La propuesta busca empleados en las siguientes áreas:  Corte y plegado  Reconocimiento de materiales Manejo de pantógrafo Soldadura  Armado Soldadura MIG MAG Interpretación de planos Regulación de máquinas Hidráulica y neumática  Montaje Presiones Componentes Confección de cableados y circuitos Pintura  Preparación Limpieza de piezas Conocimieno de materiales Masillado Los interesados pueden presentar su CV en la empresa, de lunes a viernes (de 7 a 16) o subirlo a la web de Scorza', '2017-08-07 10:22:25', '2017-08-07 10:22:25', '2017-08-07 10:22:30'),
(132, 69, 71, 'http://www.lavoz.com.ar/negocios/scorza-abrio-una-busqueda-de-empleados-para-su-fabrica', '2017-08-07 10:32:02', '2017-08-07 10:32:02', '2017-08-07 10:32:05'),
(133, 71, 69, 'Buenos dias mi nombre es Auad Muriel me contacto desde la empresa jobbers argentina  con el fin de informarles que contamos con una nueva plataforma de empleo donde podrán accder a infinidades de curriculums gracias a nuestra amplia difusión y alcance de 150.000 personas que forman parte de nuestra comunidad llamada conseguir trabajo en cba  El motivo de mi llamado es para ofrecerles el acceso a nuestra plataforma sin costo por 30 dias  obteniendo el plan oro , siendo este nuestro plan Premium  Contar con este plan le brindara una amplia variedad de curriculums , la posibilidad de subir videos y fotos de su empresa para que los candidatos sepan quienes son, que hacen y como trabajan ; además chatear con los candidatos preferenciales antes de realizarles una  entrevista personal. Para poder contar con el acceso a nuestra plataforma solo necesitamos validar un correo electrónico con el cual ud podrá acceder directamente a la plataforma para comenzar sus búsquedas de candidatos ', '2017-08-07 11:09:25', '2017-08-07 11:09:25', '2017-08-07 11:09:29'),
(134, 68, 69, 'Hola', '2017-08-10 00:53:42', '2017-08-10 00:53:42', NULL),
(135, 74, 193, 'hola!', '2017-08-14 17:07:29', '2017-08-14 17:07:29', NULL),
(136, 74, 214, 'hola!', '2017-08-14 17:14:07', '2017-08-14 17:14:07', '2017-08-14 17:14:17');

-- --------------------------------------------------------

--
-- Estructura de tabla para la tabla `empresas_contrataciones`
--

CREATE TABLE IF NOT EXISTS `empresas_contrataciones` (
  `id` int(11) NOT NULL AUTO_INCREMENT,
  `id_empresa` int(11) NOT NULL,
  `fecha_creacion` date DEFAULT NULL,
  `id_publicacion` int(11) NOT NULL,
  `id_trabajador` int(11) NOT NULL,
  `finalizado` tinyint(1) DEFAULT NULL,
  `cancelado` tinyint(1) DEFAULT NULL,
  `fecha_finalizado` date DEFAULT NULL,
  `calificacion` float DEFAULT NULL,
  `comentario` text,
  PRIMARY KEY (`id`)
) ENGINE=InnoDB DEFAULT CHARSET=utf8 AUTO_INCREMENT=1 ;

-- --------------------------------------------------------

--
-- Estructura de tabla para la tabla `empresas_pagos`
--

CREATE TABLE IF NOT EXISTS `empresas_pagos` (
  `id` int(11) NOT NULL AUTO_INCREMENT,
  `id_empresa` int(11) DEFAULT NULL,
  `informacion` text,
  `plan` int(11) DEFAULT NULL,
  `servicio` int(11) DEFAULT NULL,
  `fecha` date DEFAULT NULL,
  PRIMARY KEY (`id`)
) ENGINE=InnoDB  DEFAULT CHARSET=utf8 AUTO_INCREMENT=87 ;

--
-- Volcado de datos para la tabla `empresas_pagos`
--

INSERT INTO `empresas_pagos` (`id`, `id_empresa`, `informacion`, `plan`, `servicio`, `fecha`) VALUES
(1, 1, 'Plan gratis', 1, 4, '2017-04-22'),
(2, 2, 'Plan gratis', 1, 4, '2017-04-26'),
(3, 3, 'Plan gratis', 1, 4, '2017-05-01'),
(4, 4, 'Plan gratis', 1, 4, '2017-05-02'),
(5, 0, 'Pago de prueba realizado por el administrador', 2, 4, '2017-05-03'),
(6, 0, 'Pago de prueba realizado por el administrador', 2, 4, '2017-05-03'),
(7, 4, 'Pago de prueba realizado por el administrador', 2, 4, '2017-05-03'),
(8, 4, 'Pago de prueba realizado por el administrador', 2, 4, '2017-05-03'),
(9, 3, 'Pago de prueba realizado por el administrador', 4, 3, '2017-05-03'),
(10, 3, 'Pago de prueba realizado por el administrador', 4, 3, '2017-06-20'),
(11, 5, 'Plan gratis', 1, 4, '2017-06-28'),
(12, 6, 'Plan gratis', 1, 4, '2017-06-28'),
(13, 7, 'Plan gratis', 1, 4, '2017-06-29'),
(14, 8, 'Plan gratis', 1, 4, '2017-06-29'),
(15, 9, 'Plan gratis', 1, 4, '2017-06-29'),
(16, 10, 'Plan gratis', 1, 4, '2017-06-29'),
(17, 11, 'Plan gratis', 1, 4, '2017-06-29'),
(18, 12, 'Plan gratis', 1, 4, '2017-06-29'),
(19, 13, 'Plan gratis', 1, 4, '2017-06-29'),
(20, 14, 'Plan gratis', 1, 4, '2017-06-29'),
(21, 15, 'Plan gratis', 1, 4, '2017-06-29'),
(22, 16, 'Plan gratis', 1, 4, '2017-07-15'),
(23, 16, 'Pago de prueba realizado por el administrador', 4, 4, '2017-07-21'),
(24, 17, 'Plan gratis', 1, 4, '2017-07-21'),
(25, 18, 'Plan gratis', 1, 4, '2017-07-21'),
(26, 19, 'Plan gratis', 1, 4, '2017-07-21'),
(27, 3, 'Pago de prueba realizado por el administrador', 4, 3, '2017-07-27'),
(28, 20, 'Plan gratis', 1, 4, '2017-07-29'),
(29, 20, 'Pago de prueba realizado por el administrador', 2, 3, '2017-07-29'),
(30, 21, 'Plan gratis', 1, 4, '2017-07-31'),
(31, 22, 'Plan gratis', 1, 4, '2017-08-02'),
(32, 22, 'Pago de prueba realizado por el administrador', 4, 3, '2017-08-03'),
(33, 22, 'Pago de prueba realizado por el administrador', 4, 3, '2017-08-03'),
(34, 22, 'Pago de prueba realizado por el administrador', 1, 4, '2017-08-03'),
(35, 21, 'Pago de prueba realizado por el administrador', 2, 1, '2017-08-05'),
(36, 22, 'Pago de prueba realizado por el administrador', 2, 1, '2017-08-05'),
(37, 20, 'Pago de prueba realizado por el administrador', 4, 3, '2017-08-06'),
(38, 20, 'Pago de prueba realizado por el administrador', 1, 1, '2017-08-06'),
(39, 20, 'Pago de prueba realizado por el administrador', 1, 1, '2017-08-06'),
(40, 21, 'Pago de prueba realizado por el administrador', 3, 1, '2017-08-06'),
(41, 20, 'Pago de prueba realizado por el administrador', 4, 3, '2017-08-06'),
(42, 23, 'Plan gratis', 1, 4, '2017-08-06'),
(43, 23, 'Pago de prueba realizado por el administrador', 3, 2, '2017-08-06'),
(44, 23, 'Pago de prueba realizado por el administrador', 4, 3, '2017-08-06'),
(45, 22, 'Pago de prueba realizado por el administrador', 4, 3, '2017-08-06'),
(46, 21, 'Pago de prueba realizado por el administrador', 4, 3, '2017-08-06'),
(47, 23, 'Pago de prueba realizado por el administrador', 3, 3, '2017-08-06'),
(48, 22, 'Pago de prueba realizado por el administrador', 3, 3, '2017-08-06'),
(49, 21, 'Pago de prueba realizado por el administrador', 3, 3, '2017-08-06'),
(50, 20, 'Pago de prueba realizado por el administrador', 3, 3, '2017-08-06'),
(51, 23, 'Pago de prueba realizado por el administrador', 4, 3, '2017-08-06'),
(52, 22, 'Pago de prueba realizado por el administrador', 2, 3, '2017-08-06'),
(53, 20, 'Pago de prueba realizado por el administrador', 4, 3, '2017-08-06'),
(54, 24, 'Plan gratis', 1, 4, '2017-08-10'),
(55, 24, 'Pago de prueba realizado por el administrador', 4, 3, '2017-08-10'),
(56, 22, 'Pago de prueba realizado por el administrador', 4, 3, '2017-08-10'),
(57, 24, 'Pago de prueba realizado por el administrador', 4, 3, '2017-08-10'),
(58, 23, 'Pago de prueba realizado por el administrador', 4, 3, '2017-08-11'),
(59, 25, 'Plan gratis', 1, 4, '2017-08-11'),
(60, 25, 'Pago de prueba realizado por el administrador', 4, 3, '2017-08-11'),
(61, 26, 'Plan gratis', 1, 4, '2017-08-14'),
(62, 27, 'Plan gratis', 1, 4, '2017-08-14'),
(63, 28, 'Plan gratis', 1, 4, '2017-08-14'),
(64, 29, 'Plan gratis', 1, 4, '2017-08-14'),
(65, 30, 'Plan gratis', 1, 4, '2017-08-14'),
(66, 31, 'Plan gratis', 1, 4, '2017-08-14'),
(67, 32, 'Plan gratis', 1, 4, '2017-08-14'),
(68, 33, 'Plan gratis', 1, 4, '2017-08-14'),
(69, 34, 'Plan gratis', 1, 4, '2017-08-14'),
(70, 35, 'Plan gratis', 1, 4, '2017-08-15'),
(71, 36, 'Plan gratis', 1, 4, '2017-08-15'),
(72, 37, 'Plan gratis', 1, 4, '2017-08-15'),
(73, 38, 'Plan gratis', 1, 4, '2017-08-15'),
(74, 39, 'Plan gratis', 1, 4, '2017-08-15'),
(75, 40, 'Plan gratis', 1, 4, '2017-08-15'),
(76, 40, 'Pago de prueba realizado por el administrador', 4, 3, '2017-08-15'),
(77, 39, 'Pago de prueba realizado por el administrador', 4, 3, '2017-08-15'),
(78, 38, 'Pago de prueba realizado por el administrador', 4, 3, '2017-08-15'),
(79, 36, 'Pago de prueba realizado por el administrador', 4, 3, '2017-08-15'),
(80, 36, 'Pago de prueba realizado por el administrador', 4, 3, '2017-08-15'),
(81, 36, 'Pago de prueba realizado por el administrador', 4, 3, '2017-08-15'),
(82, 37, 'Pago de prueba realizado por el administrador', 4, 3, '2017-08-15'),
(83, 37, 'Pago de prueba realizado por el administrador', 4, 3, '2017-08-15'),
(84, 41, 'Plan gratis', 1, 4, '2017-08-15'),
(85, 42, 'Plan gratis', 1, 4, '2017-08-15'),
(86, 43, 'Plan gratis', 1, 4, '2017-08-15');

-- --------------------------------------------------------

--
-- Estructura de tabla para la tabla `empresas_planes`
--

CREATE TABLE IF NOT EXISTS `empresas_planes` (
  `id` int(11) NOT NULL AUTO_INCREMENT,
  `id_empresa` int(11) NOT NULL,
  `id_plan` int(11) NOT NULL,
  `fecha_creacion` date DEFAULT NULL,
  `fecha_plan` date DEFAULT NULL,
  `logo_home` tinyint(1) NOT NULL,
  `link_empresa` tinyint(1) NOT NULL,
  PRIMARY KEY (`id`)
) ENGINE=InnoDB  DEFAULT CHARSET=utf8 AUTO_INCREMENT=44 ;

--
-- Volcado de datos para la tabla `empresas_planes`
--

INSERT INTO `empresas_planes` (`id`, `id_empresa`, `id_plan`, `fecha_creacion`, `fecha_plan`, `logo_home`, `link_empresa`) VALUES
(1, 1, 1, '2017-04-22', '2017-04-22', 0, 0),
(2, 2, 1, '2017-04-26', '2017-04-26', 0, 0),
(3, 3, 4, '2017-05-01', '2017-08-27', 3, 1),
(4, 4, 1, '2017-05-02', '2017-06-05', 0, 0),
(5, 5, 1, '2017-06-28', '2017-06-28', 0, 0),
(6, 6, 1, '2017-06-28', '2017-06-28', 0, 0),
(7, 7, 1, '2017-06-29', '2017-06-29', 0, 0),
(8, 8, 1, '2017-06-29', '2017-06-29', 0, 0),
(9, 9, 1, '2017-06-29', '2017-06-29', 0, 0),
(10, 10, 1, '2017-06-29', '2017-06-29', 0, 0),
(11, 11, 1, '2017-06-29', '2017-06-29', 0, 0),
(12, 12, 1, '2017-06-29', '2017-06-29', 0, 0),
(13, 13, 1, '2017-06-29', '2017-06-29', 0, 0),
(14, 14, 1, '2017-06-29', '2017-06-29', 0, 0),
(15, 15, 1, '2017-06-29', '2017-06-29', 0, 0),
(16, 16, 4, '2017-07-15', '2017-08-21', 3, 1),
(17, 17, 1, '2017-07-21', '2017-07-21', 0, 0),
(18, 18, 1, '2017-07-21', '2017-07-21', 0, 0),
(19, 19, 1, '2017-07-21', '2017-07-21', 0, 0),
(20, 20, 4, '2017-07-29', '2017-09-06', 3, 1),
(21, 21, 3, '2017-07-31', '2017-09-06', 2, 1),
(22, 22, 4, '2017-08-02', '2017-09-10', 3, 1),
(23, 23, 4, '2017-08-06', '2017-09-11', 3, 1),
(24, 24, 4, '2017-08-10', '2017-09-10', 3, 1),
(25, 25, 4, '2017-08-11', '2017-09-11', 3, 1),
(26, 26, 1, '2017-08-14', '2017-08-14', 0, 0),
(27, 27, 1, '2017-08-14', '2017-08-14', 0, 0),
(28, 28, 1, '2017-08-14', '2017-08-14', 0, 0),
(29, 29, 1, '2017-08-14', '2017-08-14', 0, 0),
(30, 30, 1, '2017-08-14', '2017-08-14', 0, 0),
(31, 31, 1, '2017-08-14', '2017-08-14', 0, 0),
(32, 32, 1, '2017-08-14', '2017-08-14', 0, 0),
(33, 33, 1, '2017-08-14', '2017-08-14', 0, 0),
(34, 34, 1, '2017-08-14', '2017-08-14', 0, 0),
(35, 35, 1, '2017-08-15', '2017-08-15', 0, 0),
(36, 36, 4, '2017-08-15', '2017-09-15', 3, 1),
(37, 37, 4, '2017-08-15', '2017-09-15', 3, 1),
(38, 38, 4, '2017-08-15', '2017-09-15', 3, 1),
(39, 39, 4, '2017-08-15', '2017-09-15', 3, 1),
(40, 40, 4, '2017-08-15', '2017-09-15', 3, 1),
(41, 41, 1, '2017-08-15', '2017-08-15', 0, 0),
(42, 42, 1, '2017-08-15', '2017-08-15', 0, 0),
(43, 43, 1, '2017-08-15', '2017-08-15', 0, 0);

-- --------------------------------------------------------

--
-- Estructura de tabla para la tabla `empresas_publicaciones_especiales`
--

CREATE TABLE IF NOT EXISTS `empresas_publicaciones_especiales` (
  `id` int(11) NOT NULL AUTO_INCREMENT,
  `id_empresa` int(11) NOT NULL,
  `tipo` tinyint(4) NOT NULL,
  `titulo` varchar(32) DEFAULT NULL,
  `descripcion` varchar(255) DEFAULT NULL,
  `id_imagen` int(11) DEFAULT NULL,
  `enlace` varchar(255) DEFAULT NULL,
  `fecha_creacion` date DEFAULT NULL,
  PRIMARY KEY (`id`)
) ENGINE=InnoDB  DEFAULT CHARSET=utf8 AUTO_INCREMENT=6 ;

--
-- Volcado de datos para la tabla `empresas_publicaciones_especiales`
--

INSERT INTO `empresas_publicaciones_especiales` (`id`, `id_empresa`, `tipo`, `titulo`, `descripcion`, `id_imagen`, `enlace`, `fecha_creacion`) VALUES
(1, 3, 2, 'Leter go', '', 0, 'https://youtu.be/slGtn8uPHU4', '2017-05-03'),
(2, 0, 1, '', '', 14, NULL, NULL),
(3, 0, 1, '', '', 22, NULL, NULL),
(4, 20, 1, 'logo', 'vendo logo ...', 26, NULL, NULL),
(5, 20, 1, 'logo', 'vendo logo ...', 27, NULL, NULL);

-- --------------------------------------------------------

--
-- Estructura de tabla para la tabla `empresas_servicios`
--

CREATE TABLE IF NOT EXISTS `empresas_servicios` (
  `id` int(11) NOT NULL AUTO_INCREMENT,
  `id_empresa` int(11) DEFAULT NULL,
  `id_servicio` int(11) DEFAULT NULL,
  `fecha_creacion` date DEFAULT NULL,
  `fecha_servicio` date DEFAULT NULL,
  `curriculos_disponibles` int(11) DEFAULT NULL,
  `filtros_personalizados` tinyint(1) DEFAULT NULL,
  PRIMARY KEY (`id`)
) ENGINE=InnoDB  DEFAULT CHARSET=utf8 AUTO_INCREMENT=44 ;

--
-- Volcado de datos para la tabla `empresas_servicios`
--

INSERT INTO `empresas_servicios` (`id`, `id_empresa`, `id_servicio`, `fecha_creacion`, `fecha_servicio`, `curriculos_disponibles`, `filtros_personalizados`) VALUES
(1, 1, 4, '2017-05-02', '2017-05-02', 15, 0),
(2, 2, 4, '2017-05-02', '2017-05-02', 15, 2),
(3, 3, 4, '2017-05-02', '2017-07-25', 0, 0),
(4, 4, 4, '2017-05-02', '2017-06-05', 0, 0),
(5, 5, 4, '2017-06-28', '2017-06-28', 0, 0),
(6, 6, 4, '2017-06-28', '2017-06-28', 0, 0),
(7, 7, 4, '2017-06-29', '2017-06-29', 0, 0),
(8, 8, 4, '2017-06-29', '2017-06-29', 0, 0),
(9, 9, 4, '2017-06-29', '2017-06-29', 0, 0),
(10, 10, 4, '2017-06-29', '2017-06-29', 0, 0),
(11, 11, 4, '2017-06-29', '2017-06-29', 0, 0),
(12, 12, 4, '2017-06-29', '2017-06-29', 0, 0),
(13, 13, 4, '2017-06-29', '2017-06-29', 0, 0),
(14, 14, 4, '2017-06-29', '2017-06-29', 0, 0),
(15, 15, 4, '2017-06-29', '2017-06-29', 0, 0),
(16, 16, 4, '2017-07-15', '2017-07-15', 0, 0),
(17, 17, 4, '2017-07-21', '2017-07-21', 0, 0),
(18, 18, 4, '2017-07-21', '2017-07-21', 0, 0),
(19, 19, 4, '2017-07-21', '2017-07-21', 0, 0),
(20, 20, 4, '2017-07-29', '2017-07-29', 0, 0),
(21, 21, 4, '2017-07-31', '2017-07-31', 0, 0),
(22, 22, 4, '2017-08-02', '2017-08-03', 0, 0),
(23, 23, 4, '2017-08-06', '2017-08-06', 0, 0),
(24, 24, 4, '2017-08-10', '2017-08-10', 0, 0),
(25, 25, 4, '2017-08-11', '2017-08-11', 0, 0),
(26, 26, 4, '2017-08-14', '2017-08-14', 0, 0),
(27, 27, 4, '2017-08-14', '2017-08-14', 0, 0),
(28, 28, 4, '2017-08-14', '2017-08-14', 0, 0),
(29, 29, 4, '2017-08-14', '2017-08-14', 0, 0),
(30, 30, 4, '2017-08-14', '2017-08-14', 0, 0),
(31, 31, 4, '2017-08-14', '2017-08-14', 0, 0),
(32, 32, 4, '2017-08-14', '2017-08-14', 0, 0),
(33, 33, 4, '2017-08-14', '2017-08-14', 0, 0),
(34, 34, 4, '2017-08-14', '2017-08-14', 0, 0),
(35, 35, 4, '2017-08-15', '2017-08-15', 0, 0),
(36, 36, 4, '2017-08-15', '2017-08-15', 0, 0),
(37, 37, 4, '2017-08-15', '2017-08-15', 0, 0),
(38, 38, 4, '2017-08-15', '2017-08-15', 0, 0),
(39, 39, 4, '2017-08-15', '2017-08-15', 0, 0),
(40, 40, 4, '2017-08-15', '2017-08-15', 0, 0),
(41, 41, 4, '2017-08-15', '2017-08-15', 0, 0),
(42, 42, 4, '2017-08-15', '2017-08-15', 0, 0),
(43, 43, 4, '2017-08-15', '2017-08-15', 0, 0);

-- --------------------------------------------------------

--
-- Estructura de tabla para la tabla `estados_civiles`
--

CREATE TABLE IF NOT EXISTS `estados_civiles` (
  `id` int(11) DEFAULT NULL,
  `nombre` varchar(255) DEFAULT NULL
) ENGINE=MyISAM DEFAULT CHARSET=latin1;

--
-- Volcado de datos para la tabla `estados_civiles`
--

INSERT INTO `estados_civiles` (`id`, `nombre`) VALUES
(1, 'Soltero/a'),
(2, 'Casado/a'),
(3, 'Union Libre'),
(4, 'Divorciado/a'),
(5, 'Pareja de Hecho'),
(6, 'Viudo/a');

-- --------------------------------------------------------

--
-- Estructura de tabla para la tabla `estado_estudio`
--

CREATE TABLE IF NOT EXISTS `estado_estudio` (
  `id` int(11) NOT NULL AUTO_INCREMENT,
  `nombre` varchar(16) NOT NULL,
  PRIMARY KEY (`id`)
) ENGINE=InnoDB  DEFAULT CHARSET=utf8 AUTO_INCREMENT=4 ;

--
-- Volcado de datos para la tabla `estado_estudio`
--

INSERT INTO `estado_estudio` (`id`, `nombre`) VALUES
(1, 'En Curso'),
(2, 'Graduado'),
(3, 'Abandonado');

-- --------------------------------------------------------

--
-- Estructura de tabla para la tabla `idiomas`
--

CREATE TABLE IF NOT EXISTS `idiomas` (
  `id` int(11) NOT NULL AUTO_INCREMENT,
  `nombre` varchar(32) NOT NULL,
  `amigable` varchar(48) NOT NULL,
  PRIMARY KEY (`id`)
) ENGINE=InnoDB  DEFAULT CHARSET=utf8 AUTO_INCREMENT=10 ;

--
-- Volcado de datos para la tabla `idiomas`
--

INSERT INTO `idiomas` (`id`, `nombre`, `amigable`) VALUES
(1, 'Alemán', 'aleman'),
(2, 'Chino Mandarín', 'chino-mandarin'),
(3, 'Coreano', 'coreano'),
(4, 'Español', 'espanol'),
(5, 'Francés', 'frances'),
(6, 'Inglés', 'ingles'),
(7, 'Italiano', 'italiano'),
(8, 'Japonés', 'japones'),
(9, 'Portugués', 'portugues');

-- --------------------------------------------------------

--
-- Estructura de tabla para la tabla `imagenes`
--

CREATE TABLE IF NOT EXISTS `imagenes` (
  `id` int(11) NOT NULL AUTO_INCREMENT,
  `titulo` varchar(48) DEFAULT NULL,
  `directorio` varchar(32) DEFAULT NULL,
  `extension` varchar(8) DEFAULT NULL,
  `fecha_creacion` datetime DEFAULT NULL,
  `fecha_actualizacion` datetime DEFAULT NULL,
  `nombre` text,
  PRIMARY KEY (`id`)
) ENGINE=InnoDB  DEFAULT CHARSET=utf8 AUTO_INCREMENT=54 ;

--
-- Volcado de datos para la tabla `imagenes`
--

INSERT INTO `imagenes` (`id`, `titulo`, `directorio`, `extension`, `fecha_creacion`, `fecha_actualizacion`, `nombre`) VALUES
(3, '3', 'profile', 'jpeg', '2017-04-26 05:08:00', '2017-04-26 05:08:00', '3'),
(6, '6', 'profile', 'jpg', '2017-04-28 02:30:32', '2017-04-28 02:30:32', '6'),
(8, '8', 'profile', 'jpg', '2017-05-01 10:38:14', '2017-05-01 10:38:14', '8'),
(11, '11', 'profile', 'jpg', '2017-05-04 10:07:40', '2017-05-04 10:07:40', '11'),
(12, '12', 'profile', 'jpg', '2017-05-10 01:20:28', '2017-05-10 01:20:28', '12'),
(13, '13', 'profile', '', '2017-07-04 03:31:41', '2017-07-04 03:31:41', '13'),
(14, '14', 'profile', 'jpg', '2017-07-05 08:34:18', '2017-07-05 08:34:18', '14'),
(15, '15', 'profile', 'jpg', '2017-07-11 04:26:43', '2017-07-11 04:26:43', '15'),
(16, '16', 'profile', 'jpg', '2017-07-11 04:35:19', '2017-07-11 04:35:19', '16'),
(17, '17', 'profile', 'jpg', '2017-07-21 08:29:04', '2017-07-21 08:29:04', '17'),
(18, '18', 'profile', 'jpg', '2017-07-28 04:25:45', '2017-07-28 04:25:45', '18'),
(19, '19', 'profile', 'jpg', '2017-07-29 11:41:21', '2017-07-29 11:41:21', '19'),
(20, '20', 'profile', 'jpg', '2017-07-30 12:18:16', '2017-07-30 12:18:16', '20'),
(21, '21', 'profile', 'jpg', '2017-07-31 11:06:23', '2017-07-31 11:06:23', '21'),
(22, '22', 'profile', 'jpg', '2017-08-03 11:35:23', '2017-08-03 11:35:23', '22'),
(25, '25', 'profile', 'png', '2017-08-06 05:15:25', '2017-08-06 05:15:25', '25'),
(27, '27', 'product', 'jpg', '2017-08-06 05:26:49', '2017-08-06 05:26:49', '27'),
(31, '31', 'profile', 'png', '2017-08-11 12:22:19', '2017-08-11 12:22:19', '31'),
(32, '32', 'profile', 'png', '2017-08-11 02:00:32', '2017-08-11 02:00:32', '32'),
(33, '33', 'profile', 'jpg', '2017-08-11 02:25:25', '2017-08-11 02:25:25', '33'),
(35, '35', 'profile', 'jpeg', '2017-08-11 02:46:46', '2017-08-11 02:46:46', '35'),
(36, '36', 'profile', 'jpg', '2017-08-11 03:12:45', '2017-08-11 03:12:45', '36'),
(37, '37', 'profile', 'jpg', '2017-08-11 03:20:37', '2017-08-11 03:20:37', '37'),
(38, '38', 'profile', 'jpg', '2017-08-11 04:47:59', '2017-08-11 04:47:59', '38'),
(39, '39', 'profile', 'png', '2017-08-11 04:57:42', '2017-08-11 04:57:42', '39'),
(40, '40', 'profile', 'png', '2017-08-13 04:43:34', '2017-08-13 04:43:34', '40'),
(50, '50', 'ad', 'jpg', '2017-08-15 11:04:20', '2017-08-15 11:04:20', '50'),
(52, '52', 'ad', 'png', '2017-08-15 11:15:34', '2017-08-15 11:15:34', '52'),
(53, '53', 'profile', 'jpg', '2017-08-15 08:22:01', '2017-08-15 08:22:01', '53');

-- --------------------------------------------------------

--
-- Estructura de tabla para la tabla `localidades`
--

CREATE TABLE IF NOT EXISTS `localidades` (
  `id` int(11) NOT NULL AUTO_INCREMENT,
  `id_provincia` int(11) NOT NULL,
  `localidad` varchar(255) NOT NULL,
  PRIMARY KEY (`id`)
) ENGINE=MyISAM  DEFAULT CHARSET=latin1 AUTO_INCREMENT=2383 ;

--
-- Volcado de datos para la tabla `localidades`
--

INSERT INTO `localidades` (`id`, `id_provincia`, `localidad`) VALUES
(1, 1, '25 de Mayo'),
(2, 1, '3 de febrero'),
(3, 1, 'A. Alsina'),
(4, 1, 'A. Gonzáles Cháves'),
(5, 1, 'Aguas Verdes'),
(6, 1, 'Alberti'),
(7, 1, 'Arrecifes'),
(8, 1, 'Ayacucho'),
(9, 1, 'Azul'),
(10, 1, 'Bahía Blanca'),
(11, 1, 'Balcarce'),
(12, 1, 'Baradero'),
(13, 1, 'Benito Juárez'),
(14, 1, 'Berisso'),
(15, 1, 'Bolívar'),
(16, 1, 'Bragado'),
(17, 1, 'Brandsen'),
(18, 1, 'Campana'),
(19, 1, 'Cañuelas'),
(20, 1, 'Capilla del Señor'),
(21, 1, 'Capitán Sarmiento'),
(22, 1, 'Carapachay'),
(23, 1, 'Carhue'),
(24, 1, 'Cariló'),
(25, 1, 'Carlos Casares'),
(26, 1, 'Carlos Tejedor'),
(27, 1, 'Carmen de Areco'),
(28, 1, 'Carmen de Patagones'),
(29, 1, 'Castelli'),
(30, 1, 'Chacabuco'),
(31, 1, 'Chascomús'),
(32, 1, 'Chivilcoy'),
(33, 1, 'Colón'),
(34, 1, 'Coronel Dorrego'),
(35, 1, 'Coronel Pringles'),
(36, 1, 'Coronel Rosales'),
(37, 1, 'Coronel Suarez'),
(38, 1, 'Costa Azul'),
(39, 1, 'Costa Chica'),
(40, 1, 'Costa del Este'),
(41, 1, 'Costa Esmeralda'),
(42, 1, 'Daireaux'),
(43, 1, 'Darregueira'),
(44, 1, 'Del Viso'),
(45, 1, 'Dolores'),
(46, 1, 'Don Torcuato'),
(47, 1, 'Ensenada'),
(48, 1, 'Escobar'),
(49, 1, 'Exaltación de la Cruz'),
(50, 1, 'Florentino Ameghino'),
(51, 1, 'Garín'),
(52, 1, 'Gral. Alvarado'),
(53, 1, 'Gral. Alvear'),
(54, 1, 'Gral. Arenales'),
(55, 1, 'Gral. Belgrano'),
(56, 1, 'Gral. Guido'),
(57, 1, 'Gral. Lamadrid'),
(58, 1, 'Gral. Las Heras'),
(59, 1, 'Gral. Lavalle'),
(60, 1, 'Gral. Madariaga'),
(61, 1, 'Gral. Pacheco'),
(62, 1, 'Gral. Paz'),
(63, 1, 'Gral. Pinto'),
(64, 1, 'Gral. Pueyrredón'),
(65, 1, 'Gral. Rodríguez'),
(66, 1, 'Gral. Viamonte'),
(67, 1, 'Gral. Villegas'),
(68, 1, 'Guaminí'),
(69, 1, 'Guernica'),
(70, 1, 'Hipólito Yrigoyen'),
(71, 1, 'Ing. Maschwitz'),
(72, 1, 'Junín'),
(73, 1, 'La Plata'),
(74, 1, 'Laprida'),
(75, 1, 'Las Flores'),
(76, 1, 'Las Toninas'),
(77, 1, 'Leandro N. Alem'),
(78, 1, 'Lincoln'),
(79, 1, 'Loberia'),
(80, 1, 'Lobos'),
(81, 1, 'Los Cardales'),
(82, 1, 'Los Toldos'),
(83, 1, 'Lucila del Mar'),
(84, 1, 'Luján'),
(85, 1, 'Magdalena'),
(86, 1, 'Maipú'),
(87, 1, 'Mar Chiquita'),
(88, 1, 'Mar de Ajó'),
(89, 1, 'Mar de las Pampas'),
(90, 1, 'Mar del Plata'),
(91, 1, 'Mar del Tuyú'),
(92, 1, 'Marcos Paz'),
(93, 1, 'Mercedes'),
(94, 1, 'Miramar'),
(95, 1, 'Monte'),
(96, 1, 'Monte Hermoso'),
(97, 1, 'Munro'),
(98, 1, 'Navarro'),
(99, 1, 'Necochea'),
(100, 1, 'Olavarría'),
(101, 1, 'Partido de la Costa'),
(102, 1, 'Pehuajó'),
(103, 1, 'Pellegrini'),
(104, 1, 'Pergamino'),
(105, 1, 'Pigüé'),
(106, 1, 'Pila'),
(107, 1, 'Pilar'),
(108, 1, 'Pinamar'),
(109, 1, 'Pinar del Sol'),
(110, 1, 'Polvorines'),
(111, 1, 'Pte. Perón'),
(112, 1, 'Puán'),
(113, 1, 'Punta Indio'),
(114, 1, 'Ramallo'),
(115, 1, 'Rauch'),
(116, 1, 'Rivadavia'),
(117, 1, 'Rojas'),
(118, 1, 'Roque Pérez'),
(119, 1, 'Saavedra'),
(120, 1, 'Saladillo'),
(121, 1, 'Salliqueló'),
(122, 1, 'Salto'),
(123, 1, 'San Andrés de Giles'),
(124, 1, 'San Antonio de Areco'),
(125, 1, 'San Antonio de Padua'),
(126, 1, 'San Bernardo'),
(127, 1, 'San Cayetano'),
(128, 1, 'San Clemente del Tuyú'),
(129, 1, 'San Nicolás'),
(130, 1, 'San Pedro'),
(131, 1, 'San Vicente'),
(132, 1, 'Santa Teresita'),
(133, 1, 'Suipacha'),
(134, 1, 'Tandil'),
(135, 1, 'Tapalqué'),
(136, 1, 'Tordillo'),
(137, 1, 'Tornquist'),
(138, 1, 'Trenque Lauquen'),
(139, 1, 'Tres Lomas'),
(140, 1, 'Villa Gesell'),
(141, 1, 'Villarino'),
(142, 1, 'Zárate'),
(143, 2, '11 de Septiembre'),
(144, 2, '20 de Junio'),
(145, 2, '25 de Mayo'),
(146, 2, 'Acassuso'),
(147, 2, 'Adrogué'),
(148, 2, 'Aldo Bonzi'),
(149, 2, 'Área Reserva Cinturón Ecológico'),
(150, 2, 'Avellaneda'),
(151, 2, 'Banfield'),
(152, 2, 'Barrio Parque'),
(153, 2, 'Barrio Santa Teresita'),
(154, 2, 'Beccar'),
(155, 2, 'Bella Vista'),
(156, 2, 'Berazategui'),
(157, 2, 'Bernal Este'),
(158, 2, 'Bernal Oeste'),
(159, 2, 'Billinghurst'),
(160, 2, 'Boulogne'),
(161, 2, 'Burzaco'),
(162, 2, 'Carapachay'),
(163, 2, 'Caseros'),
(164, 2, 'Castelar'),
(165, 2, 'Churruca'),
(166, 2, 'Ciudad Evita'),
(167, 2, 'Ciudad Madero'),
(168, 2, 'Ciudadela'),
(169, 2, 'Claypole'),
(170, 2, 'Crucecita'),
(171, 2, 'Dock Sud'),
(172, 2, 'Don Bosco'),
(173, 2, 'Don Orione'),
(174, 2, 'El Jagüel'),
(175, 2, 'El Libertador'),
(176, 2, 'El Palomar'),
(177, 2, 'El Tala'),
(178, 2, 'El Trébol'),
(179, 2, 'Ezeiza'),
(180, 2, 'Ezpeleta'),
(181, 2, 'Florencio Varela'),
(182, 2, 'Florida'),
(183, 2, 'Francisco Álvarez'),
(184, 2, 'Gerli'),
(185, 2, 'Glew'),
(186, 2, 'González Catán'),
(187, 2, 'Gral. Lamadrid'),
(188, 2, 'Grand Bourg'),
(189, 2, 'Gregorio de Laferrere'),
(190, 2, 'Guillermo Enrique Hudson'),
(191, 2, 'Haedo'),
(192, 2, 'Hurlingham'),
(193, 2, 'Ing. Sourdeaux'),
(194, 2, 'Isidro Casanova'),
(195, 2, 'Ituzaingó'),
(196, 2, 'José C. Paz'),
(197, 2, 'José Ingenieros'),
(198, 2, 'José Marmol'),
(199, 2, 'La Lucila'),
(200, 2, 'La Reja'),
(201, 2, 'La Tablada'),
(202, 2, 'Lanús'),
(203, 2, 'Llavallol'),
(204, 2, 'Loma Hermosa'),
(205, 2, 'Lomas de Zamora'),
(206, 2, 'Lomas del Millón'),
(207, 2, 'Lomas del Mirador'),
(208, 2, 'Longchamps'),
(209, 2, 'Los Polvorines'),
(210, 2, 'Luis Guillón'),
(211, 2, 'Malvinas Argentinas'),
(212, 2, 'Martín Coronado'),
(213, 2, 'Martínez'),
(214, 2, 'Merlo'),
(215, 2, 'Ministro Rivadavia'),
(216, 2, 'Monte Chingolo'),
(217, 2, 'Monte Grande'),
(218, 2, 'Moreno'),
(219, 2, 'Morón'),
(220, 2, 'Muñiz'),
(221, 2, 'Olivos'),
(222, 2, 'Pablo Nogués'),
(223, 2, 'Pablo Podestá'),
(224, 2, 'Paso del Rey'),
(225, 2, 'Pereyra'),
(226, 2, 'Piñeiro'),
(227, 2, 'Plátanos'),
(228, 2, 'Pontevedra'),
(229, 2, 'Quilmes'),
(230, 2, 'Rafael Calzada'),
(231, 2, 'Rafael Castillo'),
(232, 2, 'Ramos Mejía'),
(233, 2, 'Ranelagh'),
(234, 2, 'Remedios de Escalada'),
(235, 2, 'Sáenz Peña'),
(236, 2, 'San Antonio de Padua'),
(237, 2, 'San Fernando'),
(238, 2, 'San Francisco Solano'),
(239, 2, 'San Isidro'),
(240, 2, 'San José'),
(241, 2, 'San Justo'),
(242, 2, 'San Martín'),
(243, 2, 'San Miguel'),
(244, 2, 'Santos Lugares'),
(245, 2, 'Sarandí'),
(246, 2, 'Sourigues'),
(247, 2, 'Tapiales'),
(248, 2, 'Temperley'),
(249, 2, 'Tigre'),
(250, 2, 'Tortuguitas'),
(251, 2, 'Tristán Suárez'),
(252, 2, 'Trujui'),
(253, 2, 'Turdera'),
(254, 2, 'Valentín Alsina'),
(255, 2, 'Vicente López'),
(256, 2, 'Villa Adelina'),
(257, 2, 'Villa Ballester'),
(258, 2, 'Villa Bosch'),
(259, 2, 'Villa Caraza'),
(260, 2, 'Villa Celina'),
(261, 2, 'Villa Centenario'),
(262, 2, 'Villa de Mayo'),
(263, 2, 'Villa Diamante'),
(264, 2, 'Villa Domínico'),
(265, 2, 'Villa España'),
(266, 2, 'Villa Fiorito'),
(267, 2, 'Villa Guillermina'),
(268, 2, 'Villa Insuperable'),
(269, 2, 'Villa José León Suárez'),
(270, 2, 'Villa La Florida'),
(271, 2, 'Villa Luzuriaga'),
(272, 2, 'Villa Martelli'),
(273, 2, 'Villa Obrera'),
(274, 2, 'Villa Progreso'),
(275, 2, 'Villa Raffo'),
(276, 2, 'Villa Sarmiento'),
(277, 2, 'Villa Tesei'),
(278, 2, 'Villa Udaondo'),
(279, 2, 'Virrey del Pino'),
(280, 2, 'Wilde'),
(281, 2, 'William Morris'),
(282, 3, 'Agronomía'),
(283, 3, 'Almagro'),
(284, 3, 'Balvanera'),
(285, 3, 'Barracas'),
(286, 3, 'Belgrano'),
(287, 3, 'Boca'),
(288, 3, 'Boedo'),
(289, 3, 'Caballito'),
(290, 3, 'Chacarita'),
(291, 3, 'Coghlan'),
(292, 3, 'Colegiales'),
(293, 3, 'Constitución'),
(294, 3, 'Flores'),
(295, 3, 'Floresta'),
(296, 3, 'La Paternal'),
(297, 3, 'Liniers'),
(298, 3, 'Mataderos'),
(299, 3, 'Monserrat'),
(300, 3, 'Monte Castro'),
(301, 3, 'Nueva Pompeya'),
(302, 3, 'Núñez'),
(303, 3, 'Palermo'),
(304, 3, 'Parque Avellaneda'),
(305, 3, 'Parque Chacabuco'),
(306, 3, 'Parque Chas'),
(307, 3, 'Parque Patricios'),
(308, 3, 'Puerto Madero'),
(309, 3, 'Recoleta'),
(310, 3, 'Retiro'),
(311, 3, 'Saavedra'),
(312, 3, 'San Cristóbal'),
(313, 3, 'San Nicolás'),
(314, 3, 'San Telmo'),
(315, 3, 'Vélez Sársfield'),
(316, 3, 'Versalles'),
(317, 3, 'Villa Crespo'),
(318, 3, 'Villa del Parque'),
(319, 3, 'Villa Devoto'),
(320, 3, 'Villa Gral. Mitre'),
(321, 3, 'Villa Lugano'),
(322, 3, 'Villa Luro'),
(323, 3, 'Villa Ortúzar'),
(324, 3, 'Villa Pueyrredón'),
(325, 3, 'Villa Real'),
(326, 3, 'Villa Riachuelo'),
(327, 3, 'Villa Santa Rita'),
(328, 3, 'Villa Soldati'),
(329, 3, 'Villa Urquiza'),
(330, 4, 'Aconquija'),
(331, 4, 'Ancasti'),
(332, 4, 'Andalgalá'),
(333, 4, 'Antofagasta'),
(334, 4, 'Belén'),
(335, 4, 'Capayán'),
(336, 4, 'Capital'),
(337, 4, '4'),
(338, 4, 'Corral Quemado'),
(339, 4, 'El Alto'),
(340, 4, 'El Rodeo'),
(341, 4, 'F.Mamerto Esquiú'),
(342, 4, 'Fiambalá'),
(343, 4, 'Hualfín'),
(344, 4, 'Huillapima'),
(345, 4, 'Icaño'),
(346, 4, 'La Puerta'),
(347, 4, 'Las Juntas'),
(348, 4, 'Londres'),
(349, 4, 'Los Altos'),
(350, 4, 'Los Varela'),
(351, 4, 'Mutquín'),
(352, 4, 'Paclín'),
(353, 4, 'Poman'),
(354, 4, 'Pozo de La Piedra'),
(355, 4, 'Puerta de Corral'),
(356, 4, 'Puerta San José'),
(357, 4, 'Recreo'),
(358, 4, 'S.F.V de 4'),
(359, 4, 'San Fernando'),
(360, 4, 'San Fernando del Valle'),
(361, 4, 'San José'),
(362, 4, 'Santa María'),
(363, 4, 'Santa Rosa'),
(364, 4, 'Saujil'),
(365, 4, 'Tapso'),
(366, 4, 'Tinogasta'),
(367, 4, 'Valle Viejo'),
(368, 4, 'Villa Vil'),
(369, 5, 'Aviá Teraí'),
(370, 5, 'Barranqueras'),
(371, 5, 'Basail'),
(372, 5, 'Campo Largo'),
(373, 5, 'Capital'),
(374, 5, 'Capitán Solari'),
(375, 5, 'Charadai'),
(376, 5, 'Charata'),
(377, 5, 'Chorotis'),
(378, 5, 'Ciervo Petiso'),
(379, 5, 'Cnel. Du Graty'),
(380, 5, 'Col. Benítez'),
(381, 5, 'Col. Elisa'),
(382, 5, 'Col. Popular'),
(383, 5, 'Colonias Unidas'),
(384, 5, 'Concepción'),
(385, 5, 'Corzuela'),
(386, 5, 'Cote Lai'),
(387, 5, 'El Sauzalito'),
(388, 5, 'Enrique Urien'),
(389, 5, 'Fontana'),
(390, 5, 'Fte. Esperanza'),
(391, 5, 'Gancedo'),
(392, 5, 'Gral. Capdevila'),
(393, 5, 'Gral. Pinero'),
(394, 5, 'Gral. San Martín'),
(395, 5, 'Gral. Vedia'),
(396, 5, 'Hermoso Campo'),
(397, 5, 'I. del Cerrito'),
(398, 5, 'J.J. Castelli'),
(399, 5, 'La Clotilde'),
(400, 5, 'La Eduvigis'),
(401, 5, 'La Escondida'),
(402, 5, 'La Leonesa'),
(403, 5, 'La Tigra'),
(404, 5, 'La Verde'),
(405, 5, 'Laguna Blanca'),
(406, 5, 'Laguna Limpia'),
(407, 5, 'Lapachito'),
(408, 5, 'Las Breñas'),
(409, 5, 'Las Garcitas'),
(410, 5, 'Las Palmas'),
(411, 5, 'Los Frentones'),
(412, 5, 'Machagai'),
(413, 5, 'Makallé'),
(414, 5, 'Margarita Belén'),
(415, 5, 'Miraflores'),
(416, 5, 'Misión N. Pompeya'),
(417, 5, 'Napenay'),
(418, 5, 'Pampa Almirón'),
(419, 5, 'Pampa del Indio'),
(420, 5, 'Pampa del Infierno'),
(421, 5, 'Pdcia. de La Plaza'),
(422, 5, 'Pdcia. Roca'),
(423, 5, 'Pdcia. Roque Sáenz Peña'),
(424, 5, 'Pto. Bermejo'),
(425, 5, 'Pto. Eva Perón'),
(426, 5, 'Puero Tirol'),
(427, 5, 'Puerto Vilelas'),
(428, 5, 'Quitilipi'),
(429, 5, 'Resistencia'),
(430, 5, 'Sáenz Peña'),
(431, 5, 'Samuhú'),
(432, 5, 'San Bernardo'),
(433, 5, 'Santa Sylvina'),
(434, 5, 'Taco Pozo'),
(435, 5, 'Tres Isletas'),
(436, 5, 'Villa Ángela'),
(437, 5, 'Villa Berthet'),
(438, 5, 'Villa R. Bermejito'),
(439, 6, 'Aldea Apeleg'),
(440, 6, 'Aldea Beleiro'),
(441, 6, 'Aldea Epulef'),
(442, 6, 'Alto Río Sengerr'),
(443, 6, 'Buen Pasto'),
(444, 6, 'Camarones'),
(445, 6, 'Carrenleufú'),
(446, 6, 'Cholila'),
(447, 6, 'Co. Centinela'),
(448, 6, 'Colan Conhué'),
(449, 6, 'Comodoro Rivadavia'),
(450, 6, 'Corcovado'),
(451, 6, 'Cushamen'),
(452, 6, 'Dique F. Ameghino'),
(453, 6, 'Dolavón'),
(454, 6, 'Dr. R. Rojas'),
(455, 6, 'El Hoyo'),
(456, 6, 'El Maitén'),
(457, 6, 'Epuyén'),
(458, 6, 'Esquel'),
(459, 6, 'Facundo'),
(460, 6, 'Gaimán'),
(461, 6, 'Gan Gan'),
(462, 6, 'Gastre'),
(463, 6, 'Gdor. Costa'),
(464, 6, 'Gualjaina'),
(465, 6, 'J. de San Martín'),
(466, 6, 'Lago Blanco'),
(467, 6, 'Lago Puelo'),
(468, 6, 'Lagunita Salada'),
(469, 6, 'Las Plumas'),
(470, 6, 'Los Altares'),
(471, 6, 'Paso de los Indios'),
(472, 6, 'Paso del Sapo'),
(473, 6, 'Pto. Madryn'),
(474, 6, 'Pto. Pirámides'),
(475, 6, 'Rada Tilly'),
(476, 6, 'Rawson'),
(477, 6, 'Río Mayo'),
(478, 6, 'Río Pico'),
(479, 6, 'Sarmiento'),
(480, 6, 'Tecka'),
(481, 6, 'Telsen'),
(482, 6, 'Trelew'),
(483, 6, 'Trevelin'),
(484, 6, 'Veintiocho de Julio'),
(485, 7, 'Achiras'),
(486, 7, 'Adelia Maria'),
(487, 7, 'Agua de Oro'),
(488, 7, 'Alcira Gigena'),
(489, 7, 'Aldea Santa Maria'),
(490, 7, 'Alejandro Roca'),
(491, 7, 'Alejo Ledesma'),
(492, 7, 'Alicia'),
(493, 7, 'Almafuerte'),
(494, 7, 'Alpa Corral'),
(495, 7, 'Alta Gracia'),
(496, 7, 'Alto Alegre'),
(497, 7, 'Alto de Los Quebrachos'),
(498, 7, 'Altos de Chipion'),
(499, 7, 'Amboy'),
(500, 7, 'Ambul'),
(501, 7, 'Ana Zumaran'),
(502, 7, 'Anisacate'),
(503, 7, 'Arguello'),
(504, 7, 'Arias'),
(505, 7, 'Arroyito'),
(506, 7, 'Arroyo Algodon'),
(507, 7, 'Arroyo Cabral'),
(508, 7, 'Arroyo Los Patos'),
(509, 7, 'Assunta'),
(510, 7, 'Atahona'),
(511, 7, 'Ausonia'),
(512, 7, 'Avellaneda'),
(513, 7, 'Ballesteros'),
(514, 7, 'Ballesteros Sud'),
(515, 7, 'Balnearia'),
(516, 7, 'Bañado de Soto'),
(517, 7, 'Bell Ville'),
(518, 7, 'Bengolea'),
(519, 7, 'Benjamin Gould'),
(520, 7, 'Berrotaran'),
(521, 7, 'Bialet Masse'),
(522, 7, 'Bouwer'),
(523, 7, 'Brinkmann'),
(524, 7, 'Buchardo'),
(525, 7, 'Bulnes'),
(526, 7, 'Cabalango'),
(527, 7, 'Calamuchita'),
(528, 7, 'Calchin'),
(529, 7, 'Calchin Oeste'),
(530, 7, 'Calmayo'),
(531, 7, 'Camilo Aldao'),
(532, 7, 'Caminiaga'),
(533, 7, 'Cañada de Luque'),
(534, 7, 'Cañada de Machado'),
(535, 7, 'Cañada de Rio Pinto'),
(536, 7, 'Cañada del Sauce'),
(537, 7, 'Canals'),
(538, 7, 'Candelaria Sud'),
(539, 7, 'Capilla de Remedios'),
(540, 7, 'Capilla de Siton'),
(541, 7, 'Capilla del Carmen'),
(542, 7, 'Capilla del Monte'),
(543, 7, 'Capital'),
(544, 7, 'Capitan Gral B. O´Higgins'),
(545, 7, 'Carnerillo'),
(546, 7, 'Carrilobo'),
(547, 7, 'Casa Grande'),
(548, 7, 'Cavanagh'),
(549, 7, 'Cerro Colorado'),
(550, 7, 'Chaján'),
(551, 7, 'Chalacea'),
(552, 7, 'Chañar Viejo'),
(553, 7, 'Chancaní'),
(554, 7, 'Charbonier'),
(555, 7, 'Charras'),
(556, 7, 'Chazón'),
(557, 7, 'Chilibroste'),
(558, 7, 'Chucul'),
(559, 7, 'Chuña'),
(560, 7, 'Chuña Huasi'),
(561, 7, 'Churqui Cañada'),
(562, 7, 'Cienaga Del Coro'),
(563, 7, 'Cintra'),
(564, 7, 'Col. Almada'),
(565, 7, 'Col. Anita'),
(566, 7, 'Col. Barge'),
(567, 7, 'Col. Bismark'),
(568, 7, 'Col. Bremen'),
(569, 7, 'Col. Caroya'),
(570, 7, 'Col. Italiana'),
(571, 7, 'Col. Iturraspe'),
(572, 7, 'Col. Las Cuatro Esquinas'),
(573, 7, 'Col. Las Pichanas'),
(574, 7, 'Col. Marina'),
(575, 7, 'Col. Prosperidad'),
(576, 7, 'Col. San Bartolome'),
(577, 7, 'Col. San Pedro'),
(578, 7, 'Col. Tirolesa'),
(579, 7, 'Col. Vicente Aguero'),
(580, 7, 'Col. Videla'),
(581, 7, 'Col. Vignaud'),
(582, 7, 'Col. Waltelina'),
(583, 7, 'Colazo'),
(584, 7, 'Comechingones'),
(585, 7, 'Conlara'),
(586, 7, 'Copacabana'),
(587, 7, '7'),
(588, 7, 'Coronel Baigorria'),
(589, 7, 'Coronel Moldes'),
(590, 7, 'Corral de Bustos'),
(591, 7, 'Corralito'),
(592, 7, 'Cosquín'),
(593, 7, 'Costa Sacate'),
(594, 7, 'Cruz Alta'),
(595, 7, 'Cruz de Caña'),
(596, 7, 'Cruz del Eje'),
(597, 7, 'Cuesta Blanca'),
(598, 7, 'Dean Funes'),
(599, 7, 'Del Campillo'),
(600, 7, 'Despeñaderos'),
(601, 7, 'Devoto'),
(602, 7, 'Diego de Rojas'),
(603, 7, 'Dique Chico'),
(604, 7, 'El Arañado'),
(605, 7, 'El Brete'),
(606, 7, 'El Chacho'),
(607, 7, 'El Crispín'),
(608, 7, 'El Fortín'),
(609, 7, 'El Manzano'),
(610, 7, 'El Rastreador'),
(611, 7, 'El Rodeo'),
(612, 7, 'El Tío'),
(613, 7, 'Elena'),
(614, 7, 'Embalse'),
(615, 7, 'Esquina'),
(616, 7, 'Estación Gral. Paz'),
(617, 7, 'Estación Juárez Celman'),
(618, 7, 'Estancia de Guadalupe'),
(619, 7, 'Estancia Vieja'),
(620, 7, 'Etruria'),
(621, 7, 'Eufrasio Loza'),
(622, 7, 'Falda del Carmen'),
(623, 7, 'Freyre'),
(624, 7, 'Gral. Baldissera'),
(625, 7, 'Gral. Cabrera'),
(626, 7, 'Gral. Deheza'),
(627, 7, 'Gral. Fotheringham'),
(628, 7, 'Gral. Levalle'),
(629, 7, 'Gral. Roca'),
(630, 7, 'Guanaco Muerto'),
(631, 7, 'Guasapampa'),
(632, 7, 'Guatimozin'),
(633, 7, 'Gutenberg'),
(634, 7, 'Hernando'),
(635, 7, 'Huanchillas'),
(636, 7, 'Huerta Grande'),
(637, 7, 'Huinca Renanco'),
(638, 7, 'Idiazabal'),
(639, 7, 'Impira'),
(640, 7, 'Inriville'),
(641, 7, 'Isla Verde'),
(642, 7, 'Italó'),
(643, 7, 'James Craik'),
(644, 7, 'Jesús María'),
(645, 7, 'Jovita'),
(646, 7, 'Justiniano Posse'),
(647, 7, 'Km 658'),
(648, 7, 'L. V. Mansilla'),
(649, 7, 'La Batea'),
(650, 7, 'La Calera'),
(651, 7, 'La Carlota'),
(652, 7, 'La Carolina'),
(653, 7, 'La Cautiva'),
(654, 7, 'La Cesira'),
(655, 7, 'La Cruz'),
(656, 7, 'La Cumbre'),
(657, 7, 'La Cumbrecita'),
(658, 7, 'La Falda'),
(659, 7, 'La Francia'),
(660, 7, 'La Granja'),
(661, 7, 'La Higuera'),
(662, 7, 'La Laguna'),
(663, 7, 'La Paisanita'),
(664, 7, 'La Palestina'),
(665, 7, '12'),
(666, 7, 'La Paquita'),
(667, 7, 'La Para'),
(668, 7, 'La Paz'),
(669, 7, 'La Playa'),
(670, 7, 'La Playosa'),
(671, 7, 'La Población'),
(672, 7, 'La Posta'),
(673, 7, 'La Puerta'),
(674, 7, 'La Quinta'),
(675, 7, 'La Rancherita'),
(676, 7, 'La Rinconada'),
(677, 7, 'La Serranita'),
(678, 7, 'La Tordilla'),
(679, 7, 'Laborde'),
(680, 7, 'Laboulaye'),
(681, 7, 'Laguna Larga'),
(682, 7, 'Las Acequias'),
(683, 7, 'Las Albahacas'),
(684, 7, 'Las Arrias'),
(685, 7, 'Las Bajadas'),
(686, 7, 'Las Caleras'),
(687, 7, 'Las Calles'),
(688, 7, 'Las Cañadas'),
(689, 7, 'Las Gramillas'),
(690, 7, 'Las Higueras'),
(691, 7, 'Las Isletillas'),
(692, 7, 'Las Junturas'),
(693, 7, 'Las Palmas'),
(694, 7, 'Las Peñas'),
(695, 7, 'Las Peñas Sud'),
(696, 7, 'Las Perdices'),
(697, 7, 'Las Playas'),
(698, 7, 'Las Rabonas'),
(699, 7, 'Las Saladas'),
(700, 7, 'Las Tapias'),
(701, 7, 'Las Varas'),
(702, 7, 'Las Varillas'),
(703, 7, 'Las Vertientes'),
(704, 7, 'Leguizamón'),
(705, 7, 'Leones'),
(706, 7, 'Los Cedros'),
(707, 7, 'Los Cerrillos'),
(708, 7, 'Los Chañaritos (C.E)'),
(709, 7, 'Los Chanaritos (R.S)'),
(710, 7, 'Los Cisnes'),
(711, 7, 'Los Cocos'),
(712, 7, 'Los Cóndores'),
(713, 7, 'Los Hornillos'),
(714, 7, 'Los Hoyos'),
(715, 7, 'Los Mistoles'),
(716, 7, 'Los Molinos'),
(717, 7, 'Los Pozos'),
(718, 7, 'Los Reartes'),
(719, 7, 'Los Surgentes'),
(720, 7, 'Los Talares'),
(721, 7, 'Los Zorros'),
(722, 7, 'Lozada'),
(723, 7, 'Luca'),
(724, 7, 'Luque'),
(725, 7, 'Luyaba'),
(726, 7, 'Malagueño'),
(727, 7, 'Malena'),
(728, 7, 'Malvinas Argentinas'),
(729, 7, 'Manfredi'),
(730, 7, 'Maquinista Gallini'),
(731, 7, 'Marcos Juárez'),
(732, 7, 'Marull'),
(733, 7, 'Matorrales'),
(734, 7, 'Mattaldi'),
(735, 7, 'Mayu Sumaj'),
(736, 7, 'Media Naranja'),
(737, 7, 'Melo'),
(738, 7, 'Mendiolaza'),
(739, 7, 'Mi Granja'),
(740, 7, 'Mina Clavero'),
(741, 7, 'Miramar'),
(742, 7, 'Morrison'),
(743, 7, 'Morteros'),
(744, 7, 'Mte. Buey'),
(745, 7, 'Mte. Cristo'),
(746, 7, 'Mte. De Los Gauchos'),
(747, 7, 'Mte. Leña'),
(748, 7, 'Mte. Maíz'),
(749, 7, 'Mte. Ralo'),
(750, 7, 'Nicolás Bruzone'),
(751, 7, 'Noetinger'),
(752, 7, 'Nono'),
(753, 7, 'Nueva 7'),
(754, 7, 'Obispo Trejo'),
(755, 7, 'Olaeta'),
(756, 7, 'Oliva'),
(757, 7, 'Olivares San Nicolás'),
(758, 7, 'Onagolty'),
(759, 7, 'Oncativo'),
(760, 7, 'Ordoñez'),
(761, 7, 'Pacheco De Melo'),
(762, 7, 'Pampayasta N.'),
(763, 7, 'Pampayasta S.'),
(764, 7, 'Panaholma'),
(765, 7, 'Pascanas'),
(766, 7, 'Pasco'),
(767, 7, 'Paso del Durazno'),
(768, 7, 'Paso Viejo'),
(769, 7, 'Pilar'),
(770, 7, 'Pincén'),
(771, 7, 'Piquillín'),
(772, 7, 'Plaza de Mercedes'),
(773, 7, 'Plaza Luxardo'),
(774, 7, 'Porteña'),
(775, 7, 'Potrero de Garay'),
(776, 7, 'Pozo del Molle'),
(777, 7, 'Pozo Nuevo'),
(778, 7, 'Pueblo Italiano'),
(779, 7, 'Puesto de Castro'),
(780, 7, 'Punta del Agua'),
(781, 7, 'Quebracho Herrado'),
(782, 7, 'Quilino'),
(783, 7, 'Rafael García'),
(784, 7, 'Ranqueles'),
(785, 7, 'Rayo Cortado'),
(786, 7, 'Reducción'),
(787, 7, 'Rincón'),
(788, 7, 'Río Bamba'),
(789, 7, 'Río Ceballos'),
(790, 7, 'Río Cuarto'),
(791, 7, 'Río de Los Sauces'),
(792, 7, 'Río Primero'),
(793, 7, 'Río Segundo'),
(794, 7, 'Río Tercero'),
(795, 7, 'Rosales'),
(796, 7, 'Rosario del Saladillo'),
(797, 7, 'Sacanta'),
(798, 7, 'Sagrada Familia'),
(799, 7, 'Saira'),
(800, 7, 'Saladillo'),
(801, 7, 'Saldán'),
(802, 7, 'Salsacate'),
(803, 7, 'Salsipuedes'),
(804, 7, 'Sampacho'),
(805, 7, 'San Agustín'),
(806, 7, 'San Antonio de Arredondo'),
(807, 7, 'San Antonio de Litín'),
(808, 7, 'San Basilio'),
(809, 7, 'San Carlos Minas'),
(810, 7, 'San Clemente'),
(811, 7, 'San Esteban'),
(812, 7, 'San Francisco'),
(813, 7, 'San Ignacio'),
(814, 7, 'San Javier'),
(815, 7, 'San Jerónimo'),
(816, 7, 'San Joaquín'),
(817, 7, 'San José de La Dormida'),
(818, 7, 'San José de Las Salinas'),
(819, 7, 'San Lorenzo'),
(820, 7, 'San Marcos Sierras'),
(821, 7, 'San Marcos Sud'),
(822, 7, 'San Pedro'),
(823, 7, 'San Pedro N.'),
(824, 7, 'San Roque'),
(825, 7, 'San Vicente'),
(826, 7, 'Santa Catalina'),
(827, 7, 'Santa Elena'),
(828, 7, 'Santa Eufemia'),
(829, 7, 'Santa Maria'),
(830, 7, 'Sarmiento'),
(831, 7, 'Saturnino M.Laspiur'),
(832, 7, 'Sauce Arriba'),
(833, 7, 'Sebastián Elcano'),
(834, 7, 'Seeber'),
(835, 7, 'Segunda Usina'),
(836, 7, 'Serrano'),
(837, 7, 'Serrezuela'),
(838, 7, 'Sgo. Temple'),
(839, 7, 'Silvio Pellico'),
(840, 7, 'Simbolar'),
(841, 7, 'Sinsacate'),
(842, 7, 'Sta. Rosa de Calamuchita'),
(843, 7, 'Sta. Rosa de Río Primero'),
(844, 7, 'Suco'),
(845, 7, 'Tala Cañada'),
(846, 7, 'Tala Huasi'),
(847, 7, 'Talaini'),
(848, 7, 'Tancacha'),
(849, 7, 'Tanti'),
(850, 7, 'Ticino'),
(851, 7, 'Tinoco'),
(852, 7, 'Tío Pujio'),
(853, 7, 'Toledo'),
(854, 7, 'Toro Pujio'),
(855, 7, 'Tosno'),
(856, 7, 'Tosquita'),
(857, 7, 'Tránsito'),
(858, 7, 'Tuclame'),
(859, 7, 'Tutti'),
(860, 7, 'Ucacha'),
(861, 7, 'Unquillo'),
(862, 7, 'Valle de Anisacate'),
(863, 7, 'Valle Hermoso'),
(864, 7, 'Vélez Sarfield'),
(865, 7, 'Viamonte'),
(866, 7, 'Vicuña Mackenna'),
(867, 7, 'Villa Allende'),
(868, 7, 'Villa Amancay'),
(869, 7, 'Villa Ascasubi'),
(870, 7, 'Villa Candelaria N.'),
(871, 7, 'Villa Carlos Paz'),
(872, 7, 'Villa Cerro Azul'),
(873, 7, 'Villa Ciudad de América'),
(874, 7, 'Villa Ciudad Pque Los Reartes'),
(875, 7, 'Villa Concepción del Tío'),
(876, 7, 'Villa Cura Brochero'),
(877, 7, 'Villa de Las Rosas'),
(878, 7, 'Villa de María'),
(879, 7, 'Villa de Pocho'),
(880, 7, 'Villa de Soto'),
(881, 7, 'Villa del Dique'),
(882, 7, 'Villa del Prado'),
(883, 7, 'Villa del Rosario'),
(884, 7, 'Villa del Totoral'),
(885, 7, 'Villa Dolores'),
(886, 7, 'Villa El Chancay'),
(887, 7, 'Villa Elisa'),
(888, 7, 'Villa Flor Serrana'),
(889, 7, 'Villa Fontana'),
(890, 7, 'Villa Giardino'),
(891, 7, 'Villa Gral. Belgrano'),
(892, 7, 'Villa Gutierrez'),
(893, 7, 'Villa Huidobro'),
(894, 7, 'Villa La Bolsa'),
(895, 7, 'Villa Los Aromos'),
(896, 7, 'Villa Los Patos'),
(897, 7, 'Villa María'),
(898, 7, 'Villa Nueva'),
(899, 7, 'Villa Pque. Santa Ana'),
(900, 7, 'Villa Pque. Siquiman'),
(901, 7, 'Villa Quillinzo'),
(902, 7, 'Villa Rossi'),
(903, 7, 'Villa Rumipal'),
(904, 7, 'Villa San Esteban'),
(905, 7, 'Villa San Isidro'),
(906, 7, 'Villa 21'),
(907, 7, 'Villa Sarmiento (G.R)'),
(908, 7, 'Villa Sarmiento (S.A)'),
(909, 7, 'Villa Tulumba'),
(910, 7, 'Villa Valeria'),
(911, 7, 'Villa Yacanto'),
(912, 7, 'Washington'),
(913, 7, 'Wenceslao Escalante'),
(914, 7, 'Ycho Cruz Sierras'),
(915, 8, 'Alvear'),
(916, 8, 'Bella Vista'),
(917, 8, 'Berón de Astrada'),
(918, 8, 'Bonpland'),
(919, 8, 'Caá Cati'),
(920, 8, 'Capital'),
(921, 8, 'Chavarría'),
(922, 8, 'Col. C. Pellegrini'),
(923, 8, 'Col. Libertad'),
(924, 8, 'Col. Liebig'),
(925, 8, 'Col. Sta Rosa'),
(926, 8, 'Concepción'),
(927, 8, 'Cruz de Los Milagros'),
(928, 8, 'Curuzú-Cuatiá'),
(929, 8, 'Empedrado'),
(930, 8, 'Esquina'),
(931, 8, 'Estación Torrent'),
(932, 8, 'Felipe Yofré'),
(933, 8, 'Garruchos'),
(934, 8, 'Gdor. Agrónomo'),
(935, 8, 'Gdor. Martínez'),
(936, 8, 'Goya'),
(937, 8, 'Guaviravi'),
(938, 8, 'Herlitzka'),
(939, 8, 'Ita-Ibate'),
(940, 8, 'Itatí'),
(941, 8, 'Ituzaingó'),
(942, 8, 'José Rafael Gómez'),
(943, 8, 'Juan Pujol'),
(944, 8, 'La Cruz'),
(945, 8, 'Lavalle'),
(946, 8, 'Lomas de Vallejos'),
(947, 8, 'Loreto'),
(948, 8, 'Mariano I. Loza'),
(949, 8, 'Mburucuyá'),
(950, 8, 'Mercedes'),
(951, 8, 'Mocoretá'),
(952, 8, 'Mte. Caseros'),
(953, 8, 'Nueve de Julio'),
(954, 8, 'Palmar Grande'),
(955, 8, 'Parada Pucheta'),
(956, 8, 'Paso de La Patria'),
(957, 8, 'Paso de Los Libres'),
(958, 8, 'Pedro R. Fernandez'),
(959, 8, 'Perugorría'),
(960, 8, 'Pueblo Libertador'),
(961, 8, 'Ramada Paso'),
(962, 8, 'Riachuelo'),
(963, 8, 'Saladas'),
(964, 8, 'San Antonio'),
(965, 8, 'San Carlos'),
(966, 8, 'San Cosme'),
(967, 8, 'San Lorenzo'),
(968, 8, '20 del Palmar'),
(969, 8, 'San Miguel'),
(970, 8, 'San Roque'),
(971, 8, 'Santa Ana'),
(972, 8, 'Santa Lucía'),
(973, 8, 'Santo Tomé'),
(974, 8, 'Sauce'),
(975, 8, 'Tabay'),
(976, 8, 'Tapebicuá'),
(977, 8, 'Tatacua'),
(978, 8, 'Virasoro'),
(979, 8, 'Yapeyú'),
(980, 8, 'Yataití Calle'),
(981, 9, 'Alarcón'),
(982, 9, 'Alcaraz'),
(983, 9, 'Alcaraz N.'),
(984, 9, 'Alcaraz S.'),
(985, 9, 'Aldea Asunción'),
(986, 9, 'Aldea Brasilera'),
(987, 9, 'Aldea Elgenfeld'),
(988, 9, 'Aldea Grapschental'),
(989, 9, 'Aldea Ma. Luisa'),
(990, 9, 'Aldea Protestante'),
(991, 9, 'Aldea Salto'),
(992, 9, 'Aldea San Antonio (G)'),
(993, 9, 'Aldea San Antonio (P)'),
(994, 9, 'Aldea 19'),
(995, 9, 'Aldea San Miguel'),
(996, 9, 'Aldea San Rafael'),
(997, 9, 'Aldea Spatzenkutter'),
(998, 9, 'Aldea Sta. María'),
(999, 9, 'Aldea Sta. Rosa'),
(1000, 9, 'Aldea Valle María'),
(1001, 9, 'Altamirano Sur'),
(1002, 9, 'Antelo'),
(1003, 9, 'Antonio Tomás'),
(1004, 9, 'Aranguren'),
(1005, 9, 'Arroyo Barú'),
(1006, 9, 'Arroyo Burgos'),
(1007, 9, 'Arroyo Clé'),
(1008, 9, 'Arroyo Corralito'),
(1009, 9, 'Arroyo del Medio'),
(1010, 9, 'Arroyo Maturrango'),
(1011, 9, 'Arroyo Palo Seco'),
(1012, 9, 'Banderas'),
(1013, 9, 'Basavilbaso'),
(1014, 9, 'Betbeder'),
(1015, 9, 'Bovril'),
(1016, 9, 'Caseros'),
(1017, 9, 'Ceibas'),
(1018, 9, 'Cerrito'),
(1019, 9, 'Chajarí'),
(1020, 9, 'Chilcas'),
(1021, 9, 'Clodomiro Ledesma'),
(1022, 9, 'Col. Alemana'),
(1023, 9, 'Col. Avellaneda'),
(1024, 9, 'Col. Avigdor'),
(1025, 9, 'Col. Ayuí'),
(1026, 9, 'Col. Baylina'),
(1027, 9, 'Col. Carrasco'),
(1028, 9, 'Col. Celina'),
(1029, 9, 'Col. Cerrito'),
(1030, 9, 'Col. Crespo'),
(1031, 9, 'Col. Elia'),
(1032, 9, 'Col. Ensayo'),
(1033, 9, 'Col. Gral. Roca'),
(1034, 9, 'Col. La Argentina'),
(1035, 9, 'Col. Merou'),
(1036, 9, 'Col. Oficial Nª3'),
(1037, 9, 'Col. Oficial Nº13'),
(1038, 9, 'Col. Oficial Nº14'),
(1039, 9, 'Col. Oficial Nº5'),
(1040, 9, 'Col. Reffino'),
(1041, 9, 'Col. Tunas'),
(1042, 9, 'Col. Viraró'),
(1043, 9, 'Colón'),
(1044, 9, 'Concepción del Uruguay'),
(1045, 9, 'Concordia'),
(1046, 9, 'Conscripto Bernardi'),
(1047, 9, 'Costa Grande'),
(1048, 9, 'Costa San Antonio'),
(1049, 9, 'Costa Uruguay N.'),
(1050, 9, 'Costa Uruguay S.'),
(1051, 9, 'Crespo'),
(1052, 9, 'Crucecitas 3ª'),
(1053, 9, 'Crucecitas 7ª'),
(1054, 9, 'Crucecitas 8ª'),
(1055, 9, 'Cuchilla Redonda'),
(1056, 9, 'Curtiembre'),
(1057, 9, 'Diamante'),
(1058, 9, 'Distrito 6º'),
(1059, 9, 'Distrito Chañar'),
(1060, 9, 'Distrito Chiqueros'),
(1061, 9, 'Distrito Cuarto'),
(1062, 9, 'Distrito Diego López'),
(1063, 9, 'Distrito Pajonal'),
(1064, 9, 'Distrito Sauce'),
(1065, 9, 'Distrito Tala'),
(1066, 9, 'Distrito Talitas'),
(1067, 9, 'Don Cristóbal 1ª Sección'),
(1068, 9, 'Don Cristóbal 2ª Sección'),
(1069, 9, 'Durazno'),
(1070, 9, 'El Cimarrón'),
(1071, 9, 'El Gramillal'),
(1072, 9, 'El Palenque'),
(1073, 9, 'El Pingo'),
(1074, 9, 'El Quebracho'),
(1075, 9, 'El Redomón'),
(1076, 9, 'El Solar'),
(1077, 9, 'Enrique Carbo'),
(1078, 9, '9'),
(1079, 9, 'Espinillo N.'),
(1080, 9, 'Estación Campos'),
(1081, 9, 'Estación Escriña'),
(1082, 9, 'Estación Lazo'),
(1083, 9, 'Estación Raíces'),
(1084, 9, 'Estación Yerúa'),
(1085, 9, 'Estancia Grande'),
(1086, 9, 'Estancia Líbaros'),
(1087, 9, 'Estancia Racedo'),
(1088, 9, 'Estancia Solá'),
(1089, 9, 'Estancia Yuquerí'),
(1090, 9, 'Estaquitas'),
(1091, 9, 'Faustino M. Parera'),
(1092, 9, 'Febre'),
(1093, 9, 'Federación'),
(1094, 9, 'Federal'),
(1095, 9, 'Gdor. Echagüe'),
(1096, 9, 'Gdor. Mansilla'),
(1097, 9, 'Gilbert'),
(1098, 9, 'González Calderón'),
(1099, 9, 'Gral. Almada'),
(1100, 9, 'Gral. Alvear'),
(1101, 9, 'Gral. Campos'),
(1102, 9, 'Gral. Galarza'),
(1103, 9, 'Gral. Ramírez'),
(1104, 9, 'Gualeguay'),
(1105, 9, 'Gualeguaychú'),
(1106, 9, 'Gualeguaycito'),
(1107, 9, 'Guardamonte'),
(1108, 9, 'Hambis'),
(1109, 9, 'Hasenkamp'),
(1110, 9, 'Hernandarias'),
(1111, 9, 'Hernández'),
(1112, 9, 'Herrera'),
(1113, 9, 'Hinojal'),
(1114, 9, 'Hocker'),
(1115, 9, 'Ing. Sajaroff'),
(1116, 9, 'Irazusta'),
(1117, 9, 'Isletas'),
(1118, 9, 'J.J De Urquiza'),
(1119, 9, 'Jubileo'),
(1120, 9, 'La Clarita'),
(1121, 9, 'La Criolla'),
(1122, 9, 'La Esmeralda'),
(1123, 9, 'La Florida'),
(1124, 9, 'La Fraternidad'),
(1125, 9, 'La Hierra'),
(1126, 9, 'La Ollita'),
(1127, 9, 'La Paz'),
(1128, 9, 'La Picada'),
(1129, 9, 'La Providencia'),
(1130, 9, 'La Verbena'),
(1131, 9, 'Laguna Benítez'),
(1132, 9, 'Larroque'),
(1133, 9, 'Las Cuevas'),
(1134, 9, 'Las Garzas'),
(1135, 9, 'Las Guachas'),
(1136, 9, 'Las Mercedes'),
(1137, 9, 'Las Moscas'),
(1138, 9, 'Las Mulitas'),
(1139, 9, 'Las Toscas'),
(1140, 9, 'Laurencena'),
(1141, 9, 'Libertador San Martín'),
(1142, 9, 'Loma Limpia'),
(1143, 9, 'Los Ceibos'),
(1144, 9, 'Los Charruas'),
(1145, 9, 'Los Conquistadores'),
(1146, 9, 'Lucas González'),
(1147, 9, 'Lucas N.'),
(1148, 9, 'Lucas S. 1ª'),
(1149, 9, 'Lucas S. 2ª'),
(1150, 9, 'Maciá'),
(1151, 9, 'María Grande'),
(1152, 9, 'María Grande 2ª'),
(1153, 9, 'Médanos'),
(1154, 9, 'Mojones N.'),
(1155, 9, 'Mojones S.'),
(1156, 9, 'Molino Doll'),
(1157, 9, 'Monte Redondo'),
(1158, 9, 'Montoya'),
(1159, 9, 'Mulas Grandes'),
(1160, 9, 'Ñancay'),
(1161, 9, 'Nogoyá'),
(1162, 9, 'Nueva Escocia'),
(1163, 9, 'Nueva Vizcaya'),
(1164, 9, 'Ombú'),
(1165, 9, 'Oro Verde'),
(1166, 9, 'Paraná'),
(1167, 9, 'Pasaje Guayaquil'),
(1168, 9, 'Pasaje Las Tunas'),
(1169, 9, 'Paso de La Arena'),
(1170, 9, 'Paso de La Laguna'),
(1171, 9, 'Paso de Las Piedras'),
(1172, 9, 'Paso Duarte'),
(1173, 9, 'Pastor Britos'),
(1174, 9, 'Pedernal'),
(1175, 9, 'Perdices'),
(1176, 9, 'Picada Berón'),
(1177, 9, 'Piedras Blancas'),
(1178, 9, 'Primer Distrito Cuchilla'),
(1179, 9, 'Primero de Mayo'),
(1180, 9, 'Pronunciamiento'),
(1181, 9, 'Pto. Algarrobo'),
(1182, 9, 'Pto. Ibicuy'),
(1183, 9, 'Pueblo Brugo'),
(1184, 9, 'Pueblo Cazes'),
(1185, 9, 'Pueblo Gral. Belgrano'),
(1186, 9, 'Pueblo Liebig'),
(1187, 9, 'Puerto Yeruá'),
(1188, 9, 'Punta del Monte'),
(1189, 9, 'Quebracho'),
(1190, 9, 'Quinto Distrito'),
(1191, 9, 'Raices Oeste'),
(1192, 9, 'Rincón de Nogoyá'),
(1193, 9, 'Rincón del Cinto'),
(1194, 9, 'Rincón del Doll'),
(1195, 9, 'Rincón del Gato'),
(1196, 9, 'Rocamora'),
(1197, 9, 'Rosario del Tala'),
(1198, 9, 'San Benito'),
(1199, 9, 'San Cipriano'),
(1200, 9, 'San Ernesto'),
(1201, 9, 'San Gustavo'),
(1202, 9, 'San Jaime'),
(1203, 9, 'San José'),
(1204, 9, 'San José de Feliciano'),
(1205, 9, 'San Justo'),
(1206, 9, 'San Marcial'),
(1207, 9, 'San Pedro'),
(1208, 9, 'San Ramírez'),
(1209, 9, 'San Ramón'),
(1210, 9, 'San Roque'),
(1211, 9, 'San Salvador'),
(1212, 9, 'San Víctor'),
(1213, 9, 'Santa Ana'),
(1214, 9, 'Santa Anita'),
(1215, 9, 'Santa Elena'),
(1216, 9, 'Santa Lucía'),
(1217, 9, 'Santa Luisa'),
(1218, 9, 'Sauce de Luna'),
(1219, 9, 'Sauce Montrull'),
(1220, 9, 'Sauce Pinto'),
(1221, 9, 'Sauce Sur'),
(1222, 9, 'Seguí'),
(1223, 9, 'Sir Leonard'),
(1224, 9, 'Sosa'),
(1225, 9, 'Tabossi'),
(1226, 9, 'Tezanos Pinto'),
(1227, 9, 'Ubajay'),
(1228, 9, 'Urdinarrain'),
(1229, 9, 'Veinte de Septiembre'),
(1230, 9, 'Viale'),
(1231, 9, 'Victoria'),
(1232, 9, 'Villa Clara'),
(1233, 9, 'Villa del Rosario'),
(1234, 9, 'Villa Domínguez'),
(1235, 9, 'Villa Elisa'),
(1236, 9, 'Villa Fontana'),
(1237, 9, 'Villa Gdor. Etchevehere'),
(1238, 9, 'Villa Mantero'),
(1239, 9, 'Villa Paranacito'),
(1240, 9, 'Villa Urquiza'),
(1241, 9, 'Villaguay'),
(1242, 9, 'Walter Moss'),
(1243, 9, 'Yacaré'),
(1244, 9, 'Yeso Oeste'),
(1245, 10, 'Buena Vista'),
(1246, 10, 'Clorinda'),
(1247, 10, 'Col. Pastoril'),
(1248, 10, 'Cte. Fontana'),
(1249, 10, 'El Colorado'),
(1250, 10, 'El Espinillo'),
(1251, 10, 'Estanislao Del Campo'),
(1252, 10, '10'),
(1253, 10, 'Fortín Lugones'),
(1254, 10, 'Gral. Lucio V. Mansilla'),
(1255, 10, 'Gral. Manuel Belgrano'),
(1256, 10, 'Gral. Mosconi'),
(1257, 10, 'Gran Guardia'),
(1258, 10, 'Herradura'),
(1259, 10, 'Ibarreta'),
(1260, 10, 'Ing. Juárez'),
(1261, 10, 'Laguna Blanca'),
(1262, 10, 'Laguna Naick Neck'),
(1263, 10, 'Laguna Yema'),
(1264, 10, 'Las Lomitas'),
(1265, 10, 'Los Chiriguanos'),
(1266, 10, 'Mayor V. Villafañe'),
(1267, 10, 'Misión San Fco.'),
(1268, 10, 'Palo Santo'),
(1269, 10, 'Pirané'),
(1270, 10, 'Pozo del Maza'),
(1271, 10, 'Riacho He-He'),
(1272, 10, 'San Hilario'),
(1273, 10, 'San Martín II'),
(1274, 10, 'Siete Palmas'),
(1275, 10, 'Subteniente Perín'),
(1276, 10, 'Tres Lagunas'),
(1277, 10, 'Villa Dos Trece'),
(1278, 10, 'Villa Escolar'),
(1279, 10, 'Villa Gral. Güemes'),
(1280, 11, 'Abdon Castro Tolay'),
(1281, 11, 'Abra Pampa'),
(1282, 11, 'Abralaite'),
(1283, 11, 'Aguas Calientes'),
(1284, 11, 'Arrayanal'),
(1285, 11, 'Barrios'),
(1286, 11, 'Caimancito'),
(1287, 11, 'Calilegua'),
(1288, 11, 'Cangrejillos'),
(1289, 11, 'Caspala'),
(1290, 11, 'Catuá'),
(1291, 11, 'Cieneguillas'),
(1292, 11, 'Coranzulli'),
(1293, 11, 'Cusi-Cusi'),
(1294, 11, 'El Aguilar'),
(1295, 11, 'El Carmen'),
(1296, 11, 'El Cóndor'),
(1297, 11, 'El Fuerte'),
(1298, 11, 'El Piquete'),
(1299, 11, 'El Talar'),
(1300, 11, 'Fraile Pintado'),
(1301, 11, 'Hipólito Yrigoyen'),
(1302, 11, 'Huacalera'),
(1303, 11, 'Humahuaca'),
(1304, 11, 'La Esperanza'),
(1305, 11, 'La Mendieta'),
(1306, 11, 'La Quiaca'),
(1307, 11, 'Ledesma'),
(1308, 11, 'Libertador Gral. San Martin'),
(1309, 11, 'Maimara'),
(1310, 11, 'Mina Pirquitas'),
(1311, 11, 'Monterrico'),
(1312, 11, 'Palma Sola'),
(1313, 11, 'Palpalá'),
(1314, 11, 'Pampa Blanca'),
(1315, 11, 'Pampichuela'),
(1316, 11, 'Perico'),
(1317, 11, 'Puesto del Marqués'),
(1318, 11, 'Puesto Viejo'),
(1319, 11, 'Pumahuasi'),
(1320, 11, 'Purmamarca'),
(1321, 11, 'Rinconada'),
(1322, 11, 'Rodeitos'),
(1323, 11, 'Rosario de Río Grande'),
(1324, 11, 'San Antonio'),
(1325, 11, 'San Francisco'),
(1326, 11, 'San Pedro'),
(1327, 11, 'San Rafael'),
(1328, 11, 'San Salvador'),
(1329, 11, 'Santa Ana'),
(1330, 11, 'Santa Catalina'),
(1331, 11, 'Santa Clara'),
(1332, 11, 'Susques'),
(1333, 11, 'Tilcara'),
(1334, 11, 'Tres Cruces'),
(1335, 11, 'Tumbaya'),
(1336, 11, 'Valle Grande'),
(1337, 11, 'Vinalito'),
(1338, 11, 'Volcán'),
(1339, 11, 'Yala'),
(1340, 11, 'Yaví'),
(1341, 11, 'Yuto'),
(1342, 12, 'Abramo'),
(1343, 12, 'Adolfo Van Praet'),
(1344, 12, 'Agustoni'),
(1345, 12, 'Algarrobo del Aguila'),
(1346, 12, 'Alpachiri'),
(1347, 12, 'Alta Italia'),
(1348, 12, 'Anguil'),
(1349, 12, 'Arata'),
(1350, 12, 'Ataliva Roca'),
(1351, 12, 'Bernardo Larroude'),
(1352, 12, 'Bernasconi'),
(1353, 12, 'Caleufú'),
(1354, 12, 'Carro Quemado'),
(1355, 12, 'Catriló'),
(1356, 12, 'Ceballos'),
(1357, 12, 'Chacharramendi'),
(1358, 12, 'Col. Barón'),
(1359, 12, 'Col. Santa María'),
(1360, 12, 'Conhelo'),
(1361, 12, 'Coronel Hilario Lagos'),
(1362, 12, 'Cuchillo-Có'),
(1363, 12, 'Doblas'),
(1364, 12, 'Dorila'),
(1365, 12, 'Eduardo Castex'),
(1366, 12, 'Embajador Martini'),
(1367, 12, 'Falucho'),
(1368, 12, 'Gral. Acha'),
(1369, 12, 'Gral. Manuel Campos'),
(1370, 12, 'Gral. Pico'),
(1371, 12, 'Guatraché'),
(1372, 12, 'Ing. Luiggi'),
(1373, 12, 'Intendente Alvear'),
(1374, 12, 'Jacinto Arauz'),
(1375, 12, 'La Adela'),
(1376, 12, 'La Humada'),
(1377, 12, 'La Maruja'),
(1378, 12, '12'),
(1379, 12, 'La Reforma'),
(1380, 12, 'Limay Mahuida'),
(1381, 12, 'Lonquimay'),
(1382, 12, 'Loventuel'),
(1383, 12, 'Luan Toro'),
(1384, 12, 'Macachín'),
(1385, 12, 'Maisonnave'),
(1386, 12, 'Mauricio Mayer'),
(1387, 12, 'Metileo'),
(1388, 12, 'Miguel Cané'),
(1389, 12, 'Miguel Riglos'),
(1390, 12, 'Monte Nievas'),
(1391, 12, 'Parera'),
(1392, 12, 'Perú'),
(1393, 12, 'Pichi-Huinca'),
(1394, 12, 'Puelches'),
(1395, 12, 'Puelén'),
(1396, 12, 'Quehue'),
(1397, 12, 'Quemú Quemú'),
(1398, 12, 'Quetrequén'),
(1399, 12, 'Rancul'),
(1400, 12, 'Realicó'),
(1401, 12, 'Relmo'),
(1402, 12, 'Rolón'),
(1403, 12, 'Rucanelo'),
(1404, 12, 'Sarah'),
(1405, 12, 'Speluzzi'),
(1406, 12, 'Sta. Isabel'),
(1407, 12, 'Sta. Rosa'),
(1408, 12, 'Sta. Teresa'),
(1409, 12, 'Telén'),
(1410, 12, 'Toay'),
(1411, 12, 'Tomas M. de Anchorena'),
(1412, 12, 'Trenel'),
(1413, 12, 'Unanue'),
(1414, 12, 'Uriburu'),
(1415, 12, 'Veinticinco de Mayo'),
(1416, 12, 'Vertiz'),
(1417, 12, 'Victorica'),
(1418, 12, 'Villa Mirasol'),
(1419, 12, 'Winifreda'),
(1420, 13, 'Arauco'),
(1421, 13, 'Capital'),
(1422, 13, 'Castro Barros'),
(1423, 13, 'Chamical'),
(1424, 13, 'Chilecito'),
(1425, 13, 'Coronel F. Varela'),
(1426, 13, 'Famatina'),
(1427, 13, 'Gral. A.V.Peñaloza'),
(1428, 13, 'Gral. Belgrano'),
(1429, 13, 'Gral. J.F. Quiroga'),
(1430, 13, 'Gral. Lamadrid'),
(1431, 13, 'Gral. Ocampo'),
(1432, 13, 'Gral. San Martín'),
(1433, 13, 'Independencia'),
(1434, 13, 'Rosario Penaloza'),
(1435, 13, 'San Blas de Los Sauces'),
(1436, 13, 'Sanagasta'),
(1437, 13, 'Vinchina'),
(1438, 14, 'Capital'),
(1439, 14, 'Chacras de Coria'),
(1440, 14, 'Dorrego'),
(1441, 14, 'Gllen'),
(1442, 14, 'Godoy Cruz'),
(1443, 14, 'Gral. Alvear'),
(1444, 14, 'Guaymallén'),
(1445, 14, 'Junín'),
(1446, 14, 'La Paz'),
(1447, 14, 'Las Heras'),
(1448, 14, 'Lavalle'),
(1449, 14, 'Luján'),
(1450, 14, 'Luján De Cuyo'),
(1451, 14, 'Maipú'),
(1452, 14, 'Malargüe'),
(1453, 14, 'Rivadavia'),
(1454, 14, 'San Carlos'),
(1455, 14, 'San Martín'),
(1456, 14, 'San Rafael'),
(1457, 14, 'Sta. Rosa'),
(1458, 14, 'Tunuyán'),
(1459, 14, 'Tupungato'),
(1460, 14, 'Villa Nueva'),
(1461, 15, 'Alba Posse'),
(1462, 15, 'Almafuerte'),
(1463, 15, 'Apóstoles'),
(1464, 15, 'Aristóbulo Del Valle'),
(1465, 15, 'Arroyo Del Medio'),
(1466, 15, 'Azara'),
(1467, 15, 'Bdo. De Irigoyen'),
(1468, 15, 'Bonpland'),
(1469, 15, 'Caá Yari'),
(1470, 15, 'Campo Grande'),
(1471, 15, 'Campo Ramón'),
(1472, 15, 'Campo Viera'),
(1473, 15, 'Candelaria'),
(1474, 15, 'Capioví'),
(1475, 15, 'Caraguatay'),
(1476, 15, 'Cdte. Guacurarí'),
(1477, 15, 'Cerro Azul'),
(1478, 15, 'Cerro Corá'),
(1479, 15, 'Col. Alberdi'),
(1480, 15, 'Col. Aurora'),
(1481, 15, 'Col. Delicia'),
(1482, 15, 'Col. Polana'),
(1483, 15, 'Col. Victoria'),
(1484, 15, 'Col. Wanda'),
(1485, 15, 'Concepción De La Sierra'),
(1486, 15, 'Corpus'),
(1487, 15, 'Dos Arroyos'),
(1488, 15, 'Dos de Mayo'),
(1489, 15, 'El Alcázar'),
(1490, 15, 'El Dorado'),
(1491, 15, 'El Soberbio'),
(1492, 15, 'Esperanza'),
(1493, 15, 'F. Ameghino'),
(1494, 15, 'Fachinal'),
(1495, 15, 'Garuhapé'),
(1496, 15, 'Garupá'),
(1497, 15, 'Gdor. López'),
(1498, 15, 'Gdor. Roca'),
(1499, 15, 'Gral. Alvear'),
(1500, 15, 'Gral. Urquiza'),
(1501, 15, 'Guaraní'),
(1502, 15, 'H. Yrigoyen'),
(1503, 15, 'Iguazú'),
(1504, 15, 'Itacaruaré'),
(1505, 15, 'Jardín América'),
(1506, 15, 'Leandro N. Alem'),
(1507, 15, 'Libertad'),
(1508, 15, 'Loreto'),
(1509, 15, 'Los Helechos'),
(1510, 15, 'Mártires'),
(1511, 15, '15'),
(1512, 15, 'Mojón Grande'),
(1513, 15, 'Montecarlo'),
(1514, 15, 'Nueve de Julio'),
(1515, 15, 'Oberá'),
(1516, 15, 'Olegario V. Andrade'),
(1517, 15, 'Panambí'),
(1518, 15, 'Posadas'),
(1519, 15, 'Profundidad'),
(1520, 15, 'Pto. Iguazú'),
(1521, 15, 'Pto. Leoni'),
(1522, 15, 'Pto. Piray'),
(1523, 15, 'Pto. Rico'),
(1524, 15, 'Ruiz de Montoya'),
(1525, 15, 'San Antonio'),
(1526, 15, 'San Ignacio'),
(1527, 15, 'San Javier'),
(1528, 15, 'San José'),
(1529, 15, 'San Martín'),
(1530, 15, 'San Pedro'),
(1531, 15, 'San Vicente'),
(1532, 15, 'Santiago De Liniers'),
(1533, 15, 'Santo Pipo'),
(1534, 15, 'Sta. Ana'),
(1535, 15, 'Sta. María'),
(1536, 15, 'Tres Capones'),
(1537, 15, 'Veinticinco de Mayo'),
(1538, 15, 'Wanda'),
(1539, 16, 'Aguada San Roque'),
(1540, 16, 'Aluminé'),
(1541, 16, 'Andacollo'),
(1542, 16, 'Añelo'),
(1543, 16, 'Bajada del Agrio'),
(1544, 16, 'Barrancas'),
(1545, 16, 'Buta Ranquil'),
(1546, 16, 'Capital'),
(1547, 16, 'Caviahué'),
(1548, 16, 'Centenario'),
(1549, 16, 'Chorriaca'),
(1550, 16, 'Chos Malal'),
(1551, 16, 'Cipolletti'),
(1552, 16, 'Covunco Abajo'),
(1553, 16, 'Coyuco Cochico'),
(1554, 16, 'Cutral Có'),
(1555, 16, 'El Cholar'),
(1556, 16, 'El Huecú'),
(1557, 16, 'El Sauce'),
(1558, 16, 'Guañacos'),
(1559, 16, 'Huinganco'),
(1560, 16, 'Las Coloradas'),
(1561, 16, 'Las Lajas'),
(1562, 16, 'Las Ovejas'),
(1563, 16, 'Loncopué'),
(1564, 16, 'Los Catutos'),
(1565, 16, 'Los Chihuidos'),
(1566, 16, 'Los Miches'),
(1567, 16, 'Manzano Amargo'),
(1568, 16, '16'),
(1569, 16, 'Octavio Pico'),
(1570, 16, 'Paso Aguerre'),
(1571, 16, 'Picún Leufú'),
(1572, 16, 'Piedra del Aguila'),
(1573, 16, 'Pilo Lil'),
(1574, 16, 'Plaza Huincul'),
(1575, 16, 'Plottier'),
(1576, 16, 'Quili Malal'),
(1577, 16, 'Ramón Castro'),
(1578, 16, 'Rincón de Los Sauces'),
(1579, 16, 'San Martín de Los Andes'),
(1580, 16, 'San Patricio del Chañar'),
(1581, 16, 'Santo Tomás'),
(1582, 16, 'Sauzal Bonito'),
(1583, 16, 'Senillosa'),
(1584, 16, 'Taquimilán'),
(1585, 16, 'Tricao Malal'),
(1586, 16, 'Varvarco'),
(1587, 16, 'Villa Curí Leuvu'),
(1588, 16, 'Villa del Nahueve'),
(1589, 16, 'Villa del Puente Picún Leuvú'),
(1590, 16, 'Villa El Chocón'),
(1591, 16, 'Villa La Angostura'),
(1592, 16, 'Villa Pehuenia'),
(1593, 16, 'Villa Traful'),
(1594, 16, 'Vista Alegre'),
(1595, 16, 'Zapala'),
(1596, 17, 'Aguada Cecilio'),
(1597, 17, 'Aguada de Guerra'),
(1598, 17, 'Allén'),
(1599, 17, 'Arroyo de La Ventana'),
(1600, 17, 'Arroyo Los Berros'),
(1601, 17, 'Bariloche'),
(1602, 17, 'Calte. Cordero'),
(1603, 17, 'Campo Grande'),
(1604, 17, 'Catriel'),
(1605, 17, 'Cerro Policía'),
(1606, 17, 'Cervantes'),
(1607, 17, 'Chelforo'),
(1608, 17, 'Chimpay'),
(1609, 17, 'Chinchinales'),
(1610, 17, 'Chipauquil'),
(1611, 17, 'Choele Choel'),
(1612, 17, 'Cinco Saltos'),
(1613, 17, 'Cipolletti'),
(1614, 17, 'Clemente Onelli'),
(1615, 17, 'Colán Conhue'),
(1616, 17, 'Comallo'),
(1617, 17, 'Comicó'),
(1618, 17, 'Cona Niyeu'),
(1619, 17, 'Coronel Belisle'),
(1620, 17, 'Cubanea'),
(1621, 17, 'Darwin'),
(1622, 17, 'Dina Huapi'),
(1623, 17, 'El Bolsón'),
(1624, 17, 'El Caín'),
(1625, 17, 'El Manso'),
(1626, 17, 'Gral. Conesa'),
(1627, 17, 'Gral. Enrique Godoy'),
(1628, 17, 'Gral. Fernandez Oro'),
(1629, 17, 'Gral. Roca'),
(1630, 17, 'Guardia Mitre'),
(1631, 17, 'Ing. Huergo'),
(1632, 17, 'Ing. Jacobacci'),
(1633, 17, 'Laguna Blanca'),
(1634, 17, 'Lamarque'),
(1635, 17, 'Las Grutas'),
(1636, 17, 'Los Menucos'),
(1637, 17, 'Luis Beltrán'),
(1638, 17, 'Mainqué'),
(1639, 17, 'Mamuel Choique'),
(1640, 17, 'Maquinchao'),
(1641, 17, 'Mencué'),
(1642, 17, 'Mtro. Ramos Mexia'),
(1643, 17, 'Nahuel Niyeu'),
(1644, 17, 'Naupa Huen'),
(1645, 17, 'Ñorquinco'),
(1646, 17, 'Ojos de Agua'),
(1647, 17, 'Paso de Agua'),
(1648, 17, 'Paso Flores'),
(1649, 17, 'Peñas Blancas'),
(1650, 17, 'Pichi Mahuida'),
(1651, 17, 'Pilcaniyeu'),
(1652, 17, 'Pomona'),
(1653, 17, 'Prahuaniyeu'),
(1654, 17, 'Rincón Treneta'),
(1655, 17, 'Río Chico'),
(1656, 17, 'Río Colorado'),
(1657, 17, 'Roca'),
(1658, 17, 'San Antonio Oeste'),
(1659, 17, 'San Javier'),
(1660, 17, 'Sierra Colorada'),
(1661, 17, 'Sierra Grande'),
(1662, 17, 'Sierra Pailemán'),
(1663, 17, 'Valcheta'),
(1664, 17, 'Valle Azul'),
(1665, 17, 'Viedma'),
(1666, 17, 'Villa Llanquín'),
(1667, 17, 'Villa Mascardi'),
(1668, 17, 'Villa Regina'),
(1669, 17, 'Yaminué'),
(1670, 18, 'A. Saravia'),
(1671, 18, 'Aguaray'),
(1672, 18, 'Angastaco'),
(1673, 18, 'Animaná'),
(1674, 18, 'Cachi'),
(1675, 18, 'Cafayate'),
(1676, 18, 'Campo Quijano'),
(1677, 18, 'Campo Santo'),
(1678, 18, 'Capital'),
(1679, 18, 'Cerrillos'),
(1680, 18, 'Chicoana'),
(1681, 18, 'Col. Sta. Rosa'),
(1682, 18, 'Coronel Moldes'),
(1683, 18, 'El Bordo'),
(1684, 18, 'El Carril'),
(1685, 18, 'El Galpón'),
(1686, 18, 'El Jardín'),
(1687, 18, 'El Potrero'),
(1688, 18, 'El Quebrachal'),
(1689, 18, 'El Tala'),
(1690, 18, 'Embarcación'),
(1691, 18, 'Gral. Ballivian'),
(1692, 18, 'Gral. Güemes'),
(1693, 18, 'Gral. Mosconi'),
(1694, 18, 'Gral. Pizarro'),
(1695, 18, 'Guachipas'),
(1696, 18, 'Hipólito Yrigoyen'),
(1697, 18, 'Iruyá'),
(1698, 18, 'Isla De Cañas'),
(1699, 18, 'J. V. Gonzalez'),
(1700, 18, 'La Caldera'),
(1701, 18, 'La Candelaria'),
(1702, 18, 'La Merced'),
(1703, 18, 'La Poma'),
(1704, 18, 'La Viña'),
(1705, 18, 'Las Lajitas'),
(1706, 18, 'Los Toldos'),
(1707, 18, 'Metán'),
(1708, 18, 'Molinos'),
(1709, 18, 'Nazareno'),
(1710, 18, 'Orán'),
(1711, 18, 'Payogasta'),
(1712, 18, 'Pichanal'),
(1713, 18, 'Prof. S. Mazza'),
(1714, 18, 'Río Piedras'),
(1715, 18, 'Rivadavia Banda Norte'),
(1716, 18, 'Rivadavia Banda Sur'),
(1717, 18, 'Rosario de La Frontera'),
(1718, 18, 'Rosario de Lerma'),
(1719, 18, 'Saclantás'),
(1720, 18, '18'),
(1721, 18, 'San Antonio'),
(1722, 18, 'San Carlos'),
(1723, 18, 'San José De Metán'),
(1724, 18, 'San Ramón'),
(1725, 18, 'Santa Victoria E.'),
(1726, 18, 'Santa Victoria O.'),
(1727, 18, 'Tartagal'),
(1728, 18, 'Tolar Grande'),
(1729, 18, 'Urundel'),
(1730, 18, 'Vaqueros'),
(1731, 18, 'Villa San Lorenzo'),
(1732, 19, 'Albardón'),
(1733, 19, 'Angaco'),
(1734, 19, 'Calingasta'),
(1735, 19, 'Capital'),
(1736, 19, 'Caucete'),
(1737, 19, 'Chimbas'),
(1738, 19, 'Iglesia'),
(1739, 19, 'Jachal'),
(1740, 19, 'Nueve de Julio'),
(1741, 19, 'Pocito'),
(1742, 19, 'Rawson'),
(1743, 19, 'Rivadavia'),
(1744, 19, '19'),
(1745, 19, 'San Martín'),
(1746, 19, 'Santa Lucía'),
(1747, 19, 'Sarmiento'),
(1748, 19, 'Ullum'),
(1749, 19, 'Valle Fértil'),
(1750, 19, 'Veinticinco de Mayo'),
(1751, 19, 'Zonda'),
(1752, 20, 'Alto Pelado'),
(1753, 20, 'Alto Pencoso'),
(1754, 20, 'Anchorena'),
(1755, 20, 'Arizona'),
(1756, 20, 'Bagual'),
(1757, 20, 'Balde'),
(1758, 20, 'Batavia'),
(1759, 20, 'Beazley'),
(1760, 20, 'Buena Esperanza'),
(1761, 20, 'Candelaria'),
(1762, 20, 'Capital'),
(1763, 20, 'Carolina'),
(1764, 20, 'Carpintería'),
(1765, 20, 'Concarán'),
(1766, 20, 'Cortaderas'),
(1767, 20, 'El Morro'),
(1768, 20, 'El Trapiche'),
(1769, 20, 'El Volcán'),
(1770, 20, 'Fortín El Patria'),
(1771, 20, 'Fortuna'),
(1772, 20, 'Fraga'),
(1773, 20, 'Juan Jorba'),
(1774, 20, 'Juan Llerena'),
(1775, 20, 'Juana Koslay'),
(1776, 20, 'Justo Daract'),
(1777, 20, 'La Calera'),
(1778, 20, 'La Florida'),
(1779, 20, 'La Punilla'),
(1780, 20, 'La Toma'),
(1781, 20, 'Lafinur'),
(1782, 20, 'Las Aguadas'),
(1783, 20, 'Las Chacras'),
(1784, 20, 'Las Lagunas'),
(1785, 20, 'Las Vertientes'),
(1786, 20, 'Lavaisse'),
(1787, 20, 'Leandro N. Alem'),
(1788, 20, 'Los Molles'),
(1789, 20, 'Luján'),
(1790, 20, 'Mercedes'),
(1791, 20, 'Merlo'),
(1792, 20, 'Naschel'),
(1793, 20, 'Navia'),
(1794, 20, 'Nogolí'),
(1795, 20, 'Nueva Galia'),
(1796, 20, 'Papagayos'),
(1797, 20, 'Paso Grande'),
(1798, 20, 'Potrero de Los Funes'),
(1799, 20, 'Quines'),
(1800, 20, 'Renca'),
(1801, 20, 'Saladillo'),
(1802, 20, 'San Francisco'),
(1803, 20, 'San Gerónimo'),
(1804, 20, 'San Martín'),
(1805, 20, 'San Pablo'),
(1806, 20, 'Santa Rosa de Conlara'),
(1807, 20, 'Talita'),
(1808, 20, 'Tilisarao'),
(1809, 20, 'Unión'),
(1810, 20, 'Villa de La Quebrada'),
(1811, 20, 'Villa de Praga'),
(1812, 20, 'Villa del Carmen'),
(1813, 20, 'Villa Gral. Roca'),
(1814, 20, 'Villa Larca'),
(1815, 20, 'Villa Mercedes'),
(1816, 20, 'Zanjitas'),
(1817, 21, 'Calafate'),
(1818, 21, 'Caleta Olivia'),
(1819, 21, 'Cañadón Seco'),
(1820, 21, 'Comandante Piedrabuena'),
(1821, 21, 'El Calafate'),
(1822, 21, 'El Chaltén'),
(1823, 21, 'Gdor. Gregores'),
(1824, 21, 'Hipólito Yrigoyen'),
(1825, 21, 'Jaramillo'),
(1826, 21, 'Koluel Kaike'),
(1827, 21, 'Las Heras'),
(1828, 21, 'Los Antiguos'),
(1829, 21, 'Perito Moreno'),
(1830, 21, 'Pico Truncado'),
(1831, 21, 'Pto. Deseado'),
(1832, 21, 'Pto. San Julián'),
(1833, 21, 'Pto. 21'),
(1834, 21, 'Río Cuarto'),
(1835, 21, 'Río Gallegos'),
(1836, 21, 'Río Turbio'),
(1837, 21, 'Tres Lagos'),
(1838, 21, 'Veintiocho De Noviembre'),
(1839, 22, 'Aarón Castellanos'),
(1840, 22, 'Acebal'),
(1841, 22, 'Aguará Grande'),
(1842, 22, 'Albarellos'),
(1843, 22, 'Alcorta'),
(1844, 22, 'Aldao'),
(1845, 22, 'Alejandra'),
(1846, 22, 'Álvarez'),
(1847, 22, 'Ambrosetti'),
(1848, 22, 'Amenábar'),
(1849, 22, 'Angélica'),
(1850, 22, 'Angeloni'),
(1851, 22, 'Arequito'),
(1852, 22, 'Arminda'),
(1853, 22, 'Armstrong'),
(1854, 22, 'Arocena'),
(1855, 22, 'Arroyo Aguiar'),
(1856, 22, 'Arroyo Ceibal'),
(1857, 22, 'Arroyo Leyes'),
(1858, 22, 'Arroyo Seco'),
(1859, 22, 'Arrufó'),
(1860, 22, 'Arteaga'),
(1861, 22, 'Ataliva'),
(1862, 22, 'Aurelia'),
(1863, 22, 'Avellaneda'),
(1864, 22, 'Barrancas'),
(1865, 22, 'Bauer Y Sigel'),
(1866, 22, 'Bella Italia'),
(1867, 22, 'Berabevú'),
(1868, 22, 'Berna'),
(1869, 22, 'Bernardo de Irigoyen'),
(1870, 22, 'Bigand'),
(1871, 22, 'Bombal'),
(1872, 22, 'Bouquet'),
(1873, 22, 'Bustinza'),
(1874, 22, 'Cabal'),
(1875, 22, 'Cacique Ariacaiquin'),
(1876, 22, 'Cafferata'),
(1877, 22, 'Calchaquí'),
(1878, 22, 'Campo Andino'),
(1879, 22, 'Campo Piaggio'),
(1880, 22, 'Cañada de Gómez'),
(1881, 22, 'Cañada del Ucle'),
(1882, 22, 'Cañada Rica'),
(1883, 22, 'Cañada Rosquín'),
(1884, 22, 'Candioti'),
(1885, 22, 'Capital'),
(1886, 22, 'Capitán Bermúdez'),
(1887, 22, 'Capivara'),
(1888, 22, 'Carcarañá'),
(1889, 22, 'Carlos Pellegrini'),
(1890, 22, 'Carmen'),
(1891, 22, 'Carmen Del Sauce'),
(1892, 22, 'Carreras'),
(1893, 22, 'Carrizales'),
(1894, 22, 'Casalegno'),
(1895, 22, 'Casas'),
(1896, 22, 'Casilda'),
(1897, 22, 'Castelar'),
(1898, 22, 'Castellanos'),
(1899, 22, 'Cayastá'),
(1900, 22, 'Cayastacito'),
(1901, 22, 'Centeno'),
(1902, 22, 'Cepeda'),
(1903, 22, 'Ceres'),
(1904, 22, 'Chabás'),
(1905, 22, 'Chañar Ladeado'),
(1906, 22, 'Chapuy'),
(1907, 22, 'Chovet'),
(1908, 22, 'Christophersen'),
(1909, 22, 'Classon'),
(1910, 22, 'Cnel. Arnold'),
(1911, 22, 'Cnel. Bogado'),
(1912, 22, 'Cnel. Dominguez'),
(1913, 22, 'Cnel. Fraga'),
(1914, 22, 'Col. Aldao'),
(1915, 22, 'Col. Ana'),
(1916, 22, 'Col. Belgrano'),
(1917, 22, 'Col. Bicha'),
(1918, 22, 'Col. Bigand'),
(1919, 22, 'Col. Bossi'),
(1920, 22, 'Col. Cavour'),
(1921, 22, 'Col. Cello'),
(1922, 22, 'Col. Dolores'),
(1923, 22, 'Col. Dos Rosas'),
(1924, 22, 'Col. Durán'),
(1925, 22, 'Col. Iturraspe'),
(1926, 22, 'Col. Margarita'),
(1927, 22, 'Col. Mascias'),
(1928, 22, 'Col. Raquel'),
(1929, 22, 'Col. Rosa'),
(1930, 22, 'Col. San José'),
(1931, 22, 'Constanza'),
(1932, 22, 'Coronda'),
(1933, 22, 'Correa'),
(1934, 22, 'Crispi'),
(1935, 22, 'Cululú'),
(1936, 22, 'Curupayti'),
(1937, 22, 'Desvio Arijón'),
(1938, 22, 'Diaz'),
(1939, 22, 'Diego de Alvear'),
(1940, 22, 'Egusquiza'),
(1941, 22, 'El Arazá'),
(1942, 22, 'El Rabón'),
(1943, 22, 'El Sombrerito'),
(1944, 22, 'El Trébol'),
(1945, 22, 'Elisa'),
(1946, 22, 'Elortondo'),
(1947, 22, 'Emilia'),
(1948, 22, 'Empalme San Carlos'),
(1949, 22, 'Empalme Villa Constitucion'),
(1950, 22, 'Esmeralda'),
(1951, 22, 'Esperanza'),
(1952, 22, 'Estación Alvear'),
(1953, 22, 'Estacion Clucellas'),
(1954, 22, 'Esteban Rams'),
(1955, 22, 'Esther'),
(1956, 22, 'Esustolia'),
(1957, 22, 'Eusebia'),
(1958, 22, 'Felicia'),
(1959, 22, 'Fidela'),
(1960, 22, 'Fighiera'),
(1961, 22, 'Firmat'),
(1962, 22, 'Florencia'),
(1963, 22, 'Fortín Olmos'),
(1964, 22, 'Franck'),
(1965, 22, 'Fray Luis Beltrán'),
(1966, 22, 'Frontera'),
(1967, 22, 'Fuentes'),
(1968, 22, 'Funes'),
(1969, 22, 'Gaboto'),
(1970, 22, 'Galisteo'),
(1971, 22, 'Gálvez'),
(1972, 22, 'Garabalto'),
(1973, 22, 'Garibaldi'),
(1974, 22, 'Gato Colorado'),
(1975, 22, 'Gdor. Crespo'),
(1976, 22, 'Gessler'),
(1977, 22, 'Godoy'),
(1978, 22, 'Golondrina'),
(1979, 22, 'Gral. Gelly'),
(1980, 22, 'Gral. Lagos'),
(1981, 22, 'Granadero Baigorria'),
(1982, 22, 'Gregoria Perez De Denis'),
(1983, 22, 'Grutly'),
(1984, 22, 'Guadalupe N.'),
(1985, 22, 'Gödeken'),
(1986, 22, 'Helvecia'),
(1987, 22, 'Hersilia'),
(1988, 22, 'Hipatía'),
(1989, 22, 'Huanqueros'),
(1990, 22, 'Hugentobler'),
(1991, 22, 'Hughes'),
(1992, 22, 'Humberto 1º'),
(1993, 22, 'Humboldt'),
(1994, 22, 'Ibarlucea'),
(1995, 22, 'Ing. Chanourdie'),
(1996, 22, 'Intiyaco'),
(1997, 22, 'Ituzaingó'),
(1998, 22, 'Jacinto L. Aráuz'),
(1999, 22, 'Josefina'),
(2000, 22, 'Juan B. Molina'),
(2001, 22, 'Juan de Garay'),
(2002, 22, 'Juncal'),
(2003, 22, 'La Brava'),
(2004, 22, 'La Cabral'),
(2005, 22, 'La Camila'),
(2006, 22, 'La Chispa'),
(2007, 22, 'La Clara'),
(2008, 22, 'La Criolla'),
(2009, 22, 'La Gallareta'),
(2010, 22, 'La Lucila'),
(2011, 22, 'La Pelada'),
(2012, 22, 'La Penca'),
(2013, 22, 'La Rubia'),
(2014, 22, 'La Sarita'),
(2015, 22, 'La Vanguardia'),
(2016, 22, 'Labordeboy'),
(2017, 22, 'Laguna Paiva'),
(2018, 22, 'Landeta'),
(2019, 22, 'Lanteri'),
(2020, 22, 'Larrechea'),
(2021, 22, 'Las Avispas'),
(2022, 22, 'Las Bandurrias'),
(2023, 22, 'Las Garzas'),
(2024, 22, 'Las Palmeras'),
(2025, 22, 'Las Parejas'),
(2026, 22, 'Las Petacas'),
(2027, 22, 'Las Rosas'),
(2028, 22, 'Las Toscas'),
(2029, 22, 'Las Tunas'),
(2030, 22, 'Lazzarino'),
(2031, 22, 'Lehmann'),
(2032, 22, 'Llambi Campbell'),
(2033, 22, 'Logroño'),
(2034, 22, 'Loma Alta'),
(2035, 22, 'López'),
(2036, 22, 'Los Amores'),
(2037, 22, 'Los Cardos'),
(2038, 22, 'Los Laureles'),
(2039, 22, 'Los Molinos'),
(2040, 22, 'Los Quirquinchos'),
(2041, 22, 'Lucio V. Lopez'),
(2042, 22, 'Luis Palacios'),
(2043, 22, 'Ma. Juana'),
(2044, 22, 'Ma. Luisa'),
(2045, 22, 'Ma. Susana'),
(2046, 22, 'Ma. Teresa'),
(2047, 22, 'Maciel'),
(2048, 22, 'Maggiolo'),
(2049, 22, 'Malabrigo'),
(2050, 22, 'Marcelino Escalada'),
(2051, 22, 'Margarita'),
(2052, 22, 'Matilde'),
(2053, 22, 'Mauá'),
(2054, 22, 'Máximo Paz'),
(2055, 22, 'Melincué'),
(2056, 22, 'Miguel Torres'),
(2057, 22, 'Moisés Ville'),
(2058, 22, 'Monigotes'),
(2059, 22, 'Monje'),
(2060, 22, 'Monte Obscuridad'),
(2061, 22, 'Monte Vera'),
(2062, 22, 'Montefiore'),
(2063, 22, 'Montes de Oca'),
(2064, 22, 'Murphy'),
(2065, 22, 'Ñanducita'),
(2066, 22, 'Naré'),
(2067, 22, 'Nelson'),
(2068, 22, 'Nicanor E. Molinas'),
(2069, 22, 'Nuevo Torino'),
(2070, 22, 'Oliveros'),
(2071, 22, 'Palacios'),
(2072, 22, 'Pavón'),
(2073, 22, 'Pavón Arriba');
INSERT INTO `localidades` (`id`, `id_provincia`, `localidad`) VALUES
(2074, 22, 'Pedro Gómez Cello'),
(2075, 22, 'Pérez'),
(2076, 22, 'Peyrano'),
(2077, 22, 'Piamonte'),
(2078, 22, 'Pilar'),
(2079, 22, 'Piñero'),
(2080, 22, 'Plaza Clucellas'),
(2081, 22, 'Portugalete'),
(2082, 22, 'Pozo Borrado'),
(2083, 22, 'Progreso'),
(2084, 22, 'Providencia'),
(2085, 22, 'Pte. Roca'),
(2086, 22, 'Pueblo Andino'),
(2087, 22, 'Pueblo Esther'),
(2088, 22, 'Pueblo Gral. San Martín'),
(2089, 22, 'Pueblo Irigoyen'),
(2090, 22, 'Pueblo Marini'),
(2091, 22, 'Pueblo Muñoz'),
(2092, 22, 'Pueblo Uranga'),
(2093, 22, 'Pujato'),
(2094, 22, 'Pujato N.'),
(2095, 22, 'Rafaela'),
(2096, 22, 'Ramayón'),
(2097, 22, 'Ramona'),
(2098, 22, 'Reconquista'),
(2099, 22, 'Recreo'),
(2100, 22, 'Ricardone'),
(2101, 22, 'Rivadavia'),
(2102, 22, 'Roldán'),
(2103, 22, 'Romang'),
(2104, 22, 'Rosario'),
(2105, 22, 'Rueda'),
(2106, 22, 'Rufino'),
(2107, 22, 'Sa Pereira'),
(2108, 22, 'Saguier'),
(2109, 22, 'Saladero M. Cabal'),
(2110, 22, 'Salto Grande'),
(2111, 22, 'San Agustín'),
(2112, 22, 'San Antonio de Obligado'),
(2113, 22, 'San Bernardo (N.J.)'),
(2114, 22, 'San Bernardo (S.J.)'),
(2115, 22, 'San Carlos Centro'),
(2116, 22, 'San Carlos N.'),
(2117, 22, 'San Carlos S.'),
(2118, 22, 'San Cristóbal'),
(2119, 22, 'San Eduardo'),
(2120, 22, 'San Eugenio'),
(2121, 22, 'San Fabián'),
(2122, 22, 'San Fco. de Santa Fé'),
(2123, 22, 'San Genaro'),
(2124, 22, 'San Genaro N.'),
(2125, 22, 'San Gregorio'),
(2126, 22, 'San Guillermo'),
(2127, 22, 'San Javier'),
(2128, 22, 'San Jerónimo del Sauce'),
(2129, 22, 'San Jerónimo N.'),
(2130, 22, 'San Jerónimo S.'),
(2131, 22, 'San Jorge'),
(2132, 22, 'San José de La Esquina'),
(2133, 22, 'San José del Rincón'),
(2134, 22, 'San Justo'),
(2135, 22, 'San Lorenzo'),
(2136, 22, 'San Mariano'),
(2137, 22, 'San Martín de Las Escobas'),
(2138, 22, 'San Martín N.'),
(2139, 22, 'San Vicente'),
(2140, 22, 'Sancti Spititu'),
(2141, 22, 'Sanford'),
(2142, 22, 'Santo Domingo'),
(2143, 22, 'Santo Tomé'),
(2144, 22, 'Santurce'),
(2145, 22, 'Sargento Cabral'),
(2146, 22, 'Sarmiento'),
(2147, 22, 'Sastre'),
(2148, 22, 'Sauce Viejo'),
(2149, 22, 'Serodino'),
(2150, 22, 'Silva'),
(2151, 22, 'Soldini'),
(2152, 22, 'Soledad'),
(2153, 22, 'Soutomayor'),
(2154, 22, 'Sta. Clara de Buena Vista'),
(2155, 22, 'Sta. Clara de Saguier'),
(2156, 22, 'Sta. Isabel'),
(2157, 22, 'Sta. Margarita'),
(2158, 22, 'Sta. Maria Centro'),
(2159, 22, 'Sta. María N.'),
(2160, 22, 'Sta. Rosa'),
(2161, 22, 'Sta. Teresa'),
(2162, 22, 'Suardi'),
(2163, 22, 'Sunchales'),
(2164, 22, 'Susana'),
(2165, 22, 'Tacuarendí'),
(2166, 22, 'Tacural'),
(2167, 22, 'Tartagal'),
(2168, 22, 'Teodelina'),
(2169, 22, 'Theobald'),
(2170, 22, 'Timbúes'),
(2171, 22, 'Toba'),
(2172, 22, 'Tortugas'),
(2173, 22, 'Tostado'),
(2174, 22, 'Totoras'),
(2175, 22, 'Traill'),
(2176, 22, 'Venado Tuerto'),
(2177, 22, 'Vera'),
(2178, 22, 'Vera y Pintado'),
(2179, 22, 'Videla'),
(2180, 22, 'Vila'),
(2181, 22, 'Villa Amelia'),
(2182, 22, 'Villa Ana'),
(2183, 22, 'Villa Cañas'),
(2184, 22, 'Villa Constitución'),
(2185, 22, 'Villa Eloísa'),
(2186, 22, 'Villa Gdor. Gálvez'),
(2187, 22, 'Villa Guillermina'),
(2188, 22, 'Villa Minetti'),
(2189, 22, 'Villa Mugueta'),
(2190, 22, 'Villa Ocampo'),
(2191, 22, 'Villa San José'),
(2192, 22, 'Villa Saralegui'),
(2193, 22, 'Villa Trinidad'),
(2194, 22, 'Villada'),
(2195, 22, 'Virginia'),
(2196, 22, 'Wheelwright'),
(2197, 22, 'Zavalla'),
(2198, 22, 'Zenón Pereira'),
(2199, 23, 'Añatuya'),
(2200, 23, 'Árraga'),
(2201, 23, 'Bandera'),
(2202, 23, 'Bandera Bajada'),
(2203, 23, 'Beltrán'),
(2204, 23, 'Brea Pozo'),
(2205, 23, 'Campo Gallo'),
(2206, 23, 'Capital'),
(2207, 23, 'Chilca Juliana'),
(2208, 23, 'Choya'),
(2209, 23, 'Clodomira'),
(2210, 23, 'Col. Alpina'),
(2211, 23, 'Col. Dora'),
(2212, 23, 'Col. El Simbolar Robles'),
(2213, 23, 'El Bobadal'),
(2214, 23, 'El Charco'),
(2215, 23, 'El Mojón'),
(2216, 23, 'Estación Atamisqui'),
(2217, 23, 'Estación Simbolar'),
(2218, 23, 'Fernández'),
(2219, 23, 'Fortín Inca'),
(2220, 23, 'Frías'),
(2221, 23, 'Garza'),
(2222, 23, 'Gramilla'),
(2223, 23, 'Guardia Escolta'),
(2224, 23, 'Herrera'),
(2225, 23, 'Icaño'),
(2226, 23, 'Ing. Forres'),
(2227, 23, 'La Banda'),
(2228, 23, 'La Cañada'),
(2229, 23, 'Laprida'),
(2230, 23, 'Lavalle'),
(2231, 23, 'Loreto'),
(2232, 23, 'Los Juríes'),
(2233, 23, 'Los Núñez'),
(2234, 23, 'Los Pirpintos'),
(2235, 23, 'Los Quiroga'),
(2236, 23, 'Los Telares'),
(2237, 23, 'Lugones'),
(2238, 23, 'Malbrán'),
(2239, 23, 'Matara'),
(2240, 23, 'Medellín'),
(2241, 23, 'Monte Quemado'),
(2242, 23, 'Nueva Esperanza'),
(2243, 23, 'Nueva Francia'),
(2244, 23, 'Palo Negro'),
(2245, 23, 'Pampa de Los Guanacos'),
(2246, 23, 'Pinto'),
(2247, 23, 'Pozo Hondo'),
(2248, 23, 'Quimilí'),
(2249, 23, 'Real Sayana'),
(2250, 23, 'Sachayoj'),
(2251, 23, 'San Pedro de Guasayán'),
(2252, 23, 'Selva'),
(2253, 23, 'Sol de Julio'),
(2254, 23, 'Sumampa'),
(2255, 23, 'Suncho Corral'),
(2256, 23, 'Taboada'),
(2257, 23, 'Tapso'),
(2258, 23, 'Termas de Rio Hondo'),
(2259, 23, 'Tintina'),
(2260, 23, 'Tomas Young'),
(2261, 23, 'Vilelas'),
(2262, 23, 'Villa Atamisqui'),
(2263, 23, 'Villa La Punta'),
(2264, 23, 'Villa Ojo de Agua'),
(2265, 23, 'Villa Río Hondo'),
(2266, 23, 'Villa Salavina'),
(2267, 23, 'Villa Unión'),
(2268, 23, 'Vilmer'),
(2269, 23, 'Weisburd'),
(2270, 24, 'Río Grande'),
(2271, 24, 'Tolhuin'),
(2272, 24, 'Ushuaia'),
(2273, 25, 'Acheral'),
(2274, 25, 'Agua Dulce'),
(2275, 25, 'Aguilares'),
(2276, 25, 'Alderetes'),
(2277, 25, 'Alpachiri'),
(2278, 25, 'Alto Verde'),
(2279, 25, 'Amaicha del Valle'),
(2280, 25, 'Amberes'),
(2281, 25, 'Ancajuli'),
(2282, 25, 'Arcadia'),
(2283, 25, 'Atahona'),
(2284, 25, 'Banda del Río Sali'),
(2285, 25, 'Bella Vista'),
(2286, 25, 'Buena Vista'),
(2287, 25, 'Burruyacú'),
(2288, 25, 'Capitán Cáceres'),
(2289, 25, 'Cevil Redondo'),
(2290, 25, 'Choromoro'),
(2291, 25, 'Ciudacita'),
(2292, 25, 'Colalao del Valle'),
(2293, 25, 'Colombres'),
(2294, 25, 'Concepción'),
(2295, 25, 'Delfín Gallo'),
(2296, 25, 'El Bracho'),
(2297, 25, 'El Cadillal'),
(2298, 25, 'El Cercado'),
(2299, 25, 'El Chañar'),
(2300, 25, 'El Manantial'),
(2301, 25, 'El Mojón'),
(2302, 25, 'El Mollar'),
(2303, 25, 'El Naranjito'),
(2304, 25, 'El Naranjo'),
(2305, 25, 'El Polear'),
(2306, 25, 'El Puestito'),
(2307, 25, 'El Sacrificio'),
(2308, 25, 'El Timbó'),
(2309, 25, 'Escaba'),
(2310, 25, 'Esquina'),
(2311, 25, 'Estación Aráoz'),
(2312, 25, 'Famaillá'),
(2313, 25, 'Gastone'),
(2314, 25, 'Gdor. Garmendia'),
(2315, 25, 'Gdor. Piedrabuena'),
(2316, 25, 'Graneros'),
(2317, 25, 'Huasa Pampa'),
(2318, 25, 'J. B. Alberdi'),
(2319, 25, 'La Cocha'),
(2320, 25, 'La Esperanza'),
(2321, 25, 'La Florida'),
(2322, 25, 'La Ramada'),
(2323, 25, 'La Trinidad'),
(2324, 25, 'Lamadrid'),
(2325, 25, 'Las Cejas'),
(2326, 25, 'Las Talas'),
(2327, 25, 'Las Talitas'),
(2328, 25, 'Los Bulacio'),
(2329, 25, 'Los Gómez'),
(2330, 25, 'Los Nogales'),
(2331, 25, 'Los Pereyra'),
(2332, 25, 'Los Pérez'),
(2333, 25, 'Los Puestos'),
(2334, 25, 'Los Ralos'),
(2335, 25, 'Los Sarmientos'),
(2336, 25, 'Los Sosa'),
(2337, 25, 'Lules'),
(2338, 25, 'M. García Fernández'),
(2339, 25, 'Manuela Pedraza'),
(2340, 25, 'Medinas'),
(2341, 25, 'Monte Bello'),
(2342, 25, 'Monteagudo'),
(2343, 25, 'Monteros'),
(2344, 25, 'Padre Monti'),
(2345, 25, 'Pampa Mayo'),
(2346, 25, 'Quilmes'),
(2347, 25, 'Raco'),
(2348, 25, 'Ranchillos'),
(2349, 25, 'Río Chico'),
(2350, 25, 'Río Colorado'),
(2351, 25, 'Río Seco'),
(2352, 25, 'Rumi Punco'),
(2353, 25, 'San Andrés'),
(2354, 25, 'San Felipe'),
(2355, 25, 'San Ignacio'),
(2356, 25, 'San Javier'),
(2357, 25, 'San José'),
(2358, 25, 'San Miguel de 25'),
(2359, 25, 'San Pedro'),
(2360, 25, 'San Pedro de Colalao'),
(2361, 25, 'Santa Rosa de Leales'),
(2362, 25, 'Sgto. Moya'),
(2363, 25, 'Siete de Abril'),
(2364, 25, 'Simoca'),
(2365, 25, 'Soldado Maldonado'),
(2366, 25, 'Sta. Ana'),
(2367, 25, 'Sta. Cruz'),
(2368, 25, 'Sta. Lucía'),
(2369, 25, 'Taco Ralo'),
(2370, 25, 'Tafí del Valle'),
(2371, 25, 'Tafí Viejo'),
(2372, 25, 'Tapia'),
(2373, 25, 'Teniente Berdina'),
(2374, 25, 'Trancas'),
(2375, 25, 'Villa Belgrano'),
(2376, 25, 'Villa Benjamín Araoz'),
(2377, 25, 'Villa Chiligasta'),
(2378, 25, 'Villa de Leales'),
(2379, 25, 'Villa Quinteros'),
(2380, 25, 'Yánima'),
(2381, 25, 'Yerba Buena'),
(2382, 25, 'Yerba Buena (S)');

-- --------------------------------------------------------

--
-- Estructura de tabla para la tabla `membresias`
--

CREATE TABLE IF NOT EXISTS `membresias` (
  `id` int(11) NOT NULL AUTO_INCREMENT,
  `nombre` varchar(64) DEFAULT NULL,
  `precio` double DEFAULT NULL,
  `moneda` varchar(16) DEFAULT NULL,
  `logo_home` tinyint(1) DEFAULT NULL,
  `curriculos_disponibles` int(11) DEFAULT NULL,
  `filtros_personalizados` tinyint(1) DEFAULT NULL,
  `link_empresa` tinyint(1) DEFAULT NULL,
  PRIMARY KEY (`id`)
) ENGINE=InnoDB  DEFAULT CHARSET=utf8 AUTO_INCREMENT=8 ;

--
-- Volcado de datos para la tabla `membresias`
--

INSERT INTO `membresias` (`id`, `nombre`, `precio`, `moneda`, `logo_home`, `curriculos_disponibles`, `filtros_personalizados`, `link_empresa`) VALUES
(1, 'Gratis', 0, 'USD', 0, 10, 0, 0),
(2, 'Bronce', 1120.5, 'USD', 1, 40, 1, 0),
(3, 'Busqueda en base x 40', 1120.5, 'USD', 0, 40, 0, 0),
(4, 'Plata', 2739, 'USD', 2, 0, 1, 0),
(5, 'Busqueda en base x 80', 1743, 'USD', 0, 100, 1, 0),
(6, 'Oro', 5602.5, 'USD', 2, NULL, 1, 1),
(7, 'Busqueda en base x 150', 2739, 'USD', 0, 150, 1, 0);

-- --------------------------------------------------------

--
-- Estructura de tabla para la tabla `mensajes`
--

CREATE TABLE IF NOT EXISTS `mensajes` (
  `id` int(11) NOT NULL AUTO_INCREMENT,
  `id_usuario1` int(11) DEFAULT NULL,
  `id_usuario2` int(11) DEFAULT NULL,
  PRIMARY KEY (`id`)
) ENGINE=MyISAM DEFAULT CHARSET=utf8 AUTO_INCREMENT=1 ;

-- --------------------------------------------------------

--
-- Estructura de tabla para la tabla `mensajes_respuestas`
--

CREATE TABLE IF NOT EXISTS `mensajes_respuestas` (
  `id` int(11) NOT NULL AUTO_INCREMENT,
  `id_mensaje` int(11) DEFAULT NULL,
  `id_usuario` int(11) DEFAULT NULL,
  `tipo_usuario` varchar(255) DEFAULT NULL,
  `mensaje` text,
  `fecha_hora` datetime DEFAULT NULL,
  PRIMARY KEY (`id`)
) ENGINE=MyISAM DEFAULT CHARSET=utf8 AUTO_INCREMENT=1 ;

-- --------------------------------------------------------

--
-- Estructura de tabla para la tabla `metodos_accesos`
--

CREATE TABLE IF NOT EXISTS `metodos_accesos` (
  `id` int(11) NOT NULL AUTO_INCREMENT,
  `nombre` varchar(255) DEFAULT NULL,
  PRIMARY KEY (`id`)
) ENGINE=InnoDB  DEFAULT CHARSET=utf8 AUTO_INCREMENT=3 ;

--
-- Volcado de datos para la tabla `metodos_accesos`
--

INSERT INTO `metodos_accesos` (`id`, `nombre`) VALUES
(1, 'Web'),
(2, 'Facebook');

-- --------------------------------------------------------

--
-- Estructura de tabla para la tabla `nivel_estudio`
--

CREATE TABLE IF NOT EXISTS `nivel_estudio` (
  `id` int(11) NOT NULL AUTO_INCREMENT,
  `nombre` varchar(255) NOT NULL,
  PRIMARY KEY (`id`)
) ENGINE=InnoDB  DEFAULT CHARSET=utf8 AUTO_INCREMENT=8 ;

--
-- Volcado de datos para la tabla `nivel_estudio`
--

INSERT INTO `nivel_estudio` (`id`, `nombre`) VALUES
(1, 'Secundario'),
(2, 'Terciario'),
(3, 'Universitario'),
(4, 'Posgrado'),
(5, 'Master'),
(6, 'Doctorado'),
(7, 'Otro');

-- --------------------------------------------------------

--
-- Estructura de tabla para la tabla `nivel_idioma`
--

CREATE TABLE IF NOT EXISTS `nivel_idioma` (
  `id` int(11) NOT NULL AUTO_INCREMENT,
  `nombre` varchar(16) NOT NULL,
  PRIMARY KEY (`id`)
) ENGINE=InnoDB  DEFAULT CHARSET=utf8 AUTO_INCREMENT=5 ;

--
-- Volcado de datos para la tabla `nivel_idioma`
--

INSERT INTO `nivel_idioma` (`id`, `nombre`) VALUES
(1, 'Básico'),
(2, 'Intermedio'),
(3, 'Avanzado'),
(4, 'Nativo');

-- --------------------------------------------------------

--
-- Estructura de tabla para la tabla `noticias`
--

CREATE TABLE IF NOT EXISTS `noticias` (
  `id` int(11) NOT NULL AUTO_INCREMENT,
  `id_imagen` int(11) DEFAULT NULL,
  `id_categoria` int(11) DEFAULT NULL,
  `titulo` varchar(255) DEFAULT NULL,
  `amigable` varchar(255) DEFAULT NULL,
  `descripcion` text,
  `fecha_creacion` datetime DEFAULT NULL,
  `fecha_actualizacion` datetime DEFAULT NULL,
  `veces_leido` int(11) DEFAULT NULL,
  PRIMARY KEY (`id`)
) ENGINE=InnoDB  DEFAULT CHARSET=utf8 AUTO_INCREMENT=6 ;

-- --------------------------------------------------------

--
-- Estructura de tabla para la tabla `paises`
--

CREATE TABLE IF NOT EXISTS `paises` (
  `id` int(5) NOT NULL AUTO_INCREMENT,
  `nombre` varchar(45) NOT NULL DEFAULT '',
  `moneda` char(3) DEFAULT NULL,
  PRIMARY KEY (`id`)
) ENGINE=MyISAM  DEFAULT CHARSET=utf8 AUTO_INCREMENT=251 ;

--
-- Volcado de datos para la tabla `paises`
--

INSERT INTO `paises` (`id`, `nombre`, `moneda`) VALUES
(1, 'Andorra', 'EUR'),
(2, 'United Arab Emirates', 'AED'),
(3, 'Afghanistan', 'AFN'),
(4, 'Antigua and Barbuda', 'XCD'),
(5, 'Anguilla', 'XCD'),
(6, 'Albania', 'ALL'),
(7, 'Armenia', 'AMD'),
(8, 'Angola', 'AOA'),
(10, 'Argentina', 'ARS'),
(11, 'American Samoa', 'USD'),
(12, 'Austria', 'EUR'),
(13, 'Australia', 'AUD'),
(14, 'Aruba', 'AWG'),
(15, 'Åland', 'EUR'),
(16, 'Azerbaijan', 'AZN'),
(17, 'Bosnia and Herzegovina', 'BAM'),
(18, 'Barbados', 'BBD'),
(19, 'Bangladesh', 'BDT'),
(20, 'Belgium', 'EUR'),
(21, 'Burkina Faso', 'XOF'),
(22, 'Bulgaria', 'BGN'),
(23, 'Bahrain', 'BHD'),
(24, 'Burundi', 'BIF'),
(25, 'Benin', 'XOF'),
(26, 'Saint Barthélemy', 'EUR'),
(27, 'Bermuda', 'BMD'),
(28, 'Brunei', 'BND'),
(29, 'Bolivia', 'BOB'),
(30, 'Bonaire', 'USD'),
(31, 'Brazil', 'BRL'),
(32, 'Bahamas', 'BSD'),
(33, 'Bhutan', 'BTN'),
(34, 'Bouvet Island', 'NOK'),
(35, 'Botswana', 'BWP'),
(36, 'Belarus', 'BYR'),
(37, 'Belize', 'BZD'),
(38, 'Canada', 'CAD'),
(39, 'Cocos [Keeling] Islands', 'AUD'),
(40, 'Democratic Republic of the Congo', 'CDF'),
(41, 'Central African Republic', 'XAF'),
(42, 'Republic of the Congo', 'XAF'),
(43, 'Switzerland', 'CHF'),
(44, 'Ivory Coast', 'XOF'),
(45, 'Cook Islands', 'NZD'),
(46, 'Chile', 'CLP'),
(47, 'Cameroon', 'XAF'),
(48, 'China', 'CNY'),
(49, 'Colombia', 'COP'),
(50, 'Costa Rica', 'CRC'),
(51, 'Cuba', 'CUP'),
(52, 'Cape Verde', 'CVE'),
(53, 'Curacao', 'ANG'),
(54, 'Christmas Island', 'AUD'),
(55, 'Cyprus', 'EUR'),
(56, 'Czechia', 'CZK'),
(57, 'Germany', 'EUR'),
(58, 'Djibouti', 'DJF'),
(59, 'Denmark', 'DKK'),
(60, 'Dominica', 'XCD'),
(61, 'Dominican Republic', 'DOP'),
(62, 'Algeria', 'DZD'),
(63, 'Ecuador', 'USD'),
(64, 'Estonia', 'EUR'),
(65, 'Egypt', 'EGP'),
(66, 'Western Sahara', 'MAD'),
(67, 'Eritrea', 'ERN'),
(68, 'Spain', 'EUR'),
(69, 'Ethiopia', 'ETB'),
(70, 'Finland', 'EUR'),
(71, 'Fiji', 'FJD'),
(72, 'Falkland Islands', 'FKP'),
(73, 'Micronesia', 'USD'),
(74, 'Faroe Islands', 'DKK'),
(75, 'France', 'EUR'),
(76, 'Gabon', 'XAF'),
(77, 'United Kingdom', 'GBP'),
(78, 'Grenada', 'XCD'),
(79, 'Georgia', 'GEL'),
(80, 'French Guiana', 'EUR'),
(81, 'Guernsey', 'GBP'),
(82, 'Ghana', 'GHS'),
(83, 'Gibraltar', 'GIP'),
(84, 'Greenland', 'DKK'),
(85, 'Gambia', 'GMD'),
(86, 'Guinea', 'GNF'),
(87, 'Guadeloupe', 'EUR'),
(88, 'Equatorial Guinea', 'XAF'),
(89, 'Greece', 'EUR'),
(90, 'South Georgia and the South Sandwich Islands', 'GBP'),
(91, 'Guatemala', 'GTQ'),
(92, 'Guam', 'USD'),
(93, 'Guinea-Bissau', 'XOF'),
(94, 'Guyana', 'GYD'),
(95, 'Hong Kong', 'HKD'),
(96, 'Heard Island and McDonald Islands', 'AUD'),
(97, 'Honduras', 'HNL'),
(98, 'Croatia', 'HRK'),
(99, 'Haiti', 'HTG'),
(100, 'Hungary', 'HUF'),
(101, 'Indonesia', 'IDR'),
(102, 'Ireland', 'EUR'),
(103, 'Israel', 'ILS'),
(104, 'Isle of Man', 'GBP'),
(105, 'India', 'INR'),
(106, 'British Indian Ocean Territory', 'USD'),
(107, 'Iraq', 'IQD'),
(108, 'Iran', 'IRR'),
(109, 'Iceland', 'ISK'),
(110, 'Italy', 'EUR'),
(111, 'Jersey', 'GBP'),
(112, 'Jamaica', 'JMD'),
(113, 'Jordan', 'JOD'),
(114, 'Japan', 'JPY'),
(115, 'Kenya', 'KES'),
(116, 'Kyrgyzstan', 'KGS'),
(117, 'Cambodia', 'KHR'),
(118, 'Kiribati', 'AUD'),
(119, 'Comoros', 'KMF'),
(120, 'Saint Kitts and Nevis', 'XCD'),
(121, 'North Korea', 'KPW'),
(122, 'South Korea', 'KRW'),
(123, 'Kuwait', 'KWD'),
(124, 'Cayman Islands', 'KYD'),
(125, 'Kazakhstan', 'KZT'),
(126, 'Laos', 'LAK'),
(127, 'Lebanon', 'LBP'),
(128, 'Saint Lucia', 'XCD'),
(129, 'Liechtenstein', 'CHF'),
(130, 'Sri Lanka', 'LKR'),
(131, 'Liberia', 'LRD'),
(132, 'Lesotho', 'LSL'),
(133, 'Lithuania', 'EUR'),
(134, 'Luxembourg', 'EUR'),
(135, 'Latvia', 'EUR'),
(136, 'Libya', 'LYD'),
(137, 'Morocco', 'MAD'),
(138, 'Monaco', 'EUR'),
(139, 'Moldova', 'MDL'),
(140, 'Montenegro', 'EUR'),
(141, 'Saint Martin', 'EUR'),
(142, 'Madagascar', 'MGA'),
(143, 'Marshall Islands', 'USD'),
(144, 'Macedonia', 'MKD'),
(145, 'Mali', 'XOF'),
(146, 'Myanmar [Burma]', 'MMK'),
(147, 'Mongolia', 'MNT'),
(148, 'Macao', 'MOP'),
(149, 'Northern Mariana Islands', 'USD'),
(150, 'Martinique', 'EUR'),
(151, 'Mauritania', 'MRO'),
(152, 'Montserrat', 'XCD'),
(153, 'Malta', 'EUR'),
(154, 'Mauritius', 'MUR'),
(155, 'Maldives', 'MVR'),
(156, 'Malawi', 'MWK'),
(157, 'Mexico', 'MXN'),
(158, 'Malaysia', 'MYR'),
(159, 'Mozambique', 'MZN'),
(160, 'Namibia', 'NAD'),
(161, 'New Caledonia', 'XPF'),
(162, 'Niger', 'XOF'),
(163, 'Norfolk Island', 'AUD'),
(164, 'Nigeria', 'NGN'),
(165, 'Nicaragua', 'NIO'),
(166, 'Netherlands', 'EUR'),
(167, 'Norway', 'NOK'),
(168, 'Nepal', 'NPR'),
(169, 'Nauru', 'AUD'),
(170, 'Niue', 'NZD'),
(171, 'New Zealand', 'NZD'),
(172, 'Oman', 'OMR'),
(173, 'Panama', 'PAB'),
(174, 'Peru', 'PEN'),
(175, 'French Polynesia', 'XPF'),
(176, 'Papua New Guinea', 'PGK'),
(177, 'Philippines', 'PHP'),
(178, 'Pakistan', 'PKR'),
(179, 'Poland', 'PLN'),
(180, 'Saint Pierre and Miquelon', 'EUR'),
(181, 'Pitcairn Islands', 'NZD'),
(182, 'Puerto Rico', 'USD'),
(183, 'Palestine', 'ILS'),
(184, 'Portugal', 'EUR'),
(185, 'Palau', 'USD'),
(186, 'Paraguay', 'PYG'),
(187, 'Qatar', 'QAR'),
(188, 'Réunion', 'EUR'),
(189, 'Romania', 'RON'),
(190, 'Serbia', 'RSD'),
(191, 'Russia', 'RUB'),
(192, 'Rwanda', 'RWF'),
(193, 'Saudi Arabia', 'SAR'),
(194, 'Solomon Islands', 'SBD'),
(195, 'Seychelles', 'SCR'),
(196, 'Sudan', 'SDG'),
(197, 'Sweden', 'SEK'),
(198, 'Singapore', 'SGD'),
(199, 'Saint Helena', 'SHP'),
(200, 'Slovenia', 'EUR'),
(201, 'Svalbard and Jan Mayen', 'NOK'),
(202, 'Slovakia', 'EUR'),
(203, 'Sierra Leone', 'SLL'),
(204, 'San Marino', 'EUR'),
(205, 'Senegal', 'XOF'),
(206, 'Somalia', 'SOS'),
(207, 'Suriname', 'SRD'),
(208, 'South Sudan', 'SSP'),
(209, 'São Tomé and Príncipe', 'STD'),
(210, 'El Salvador', 'USD'),
(211, 'Sint Maarten', 'ANG'),
(212, 'Syria', 'SYP'),
(213, 'Swaziland', 'SZL'),
(214, 'Turks and Caicos Islands', 'USD'),
(215, 'Chad', 'XAF'),
(216, 'French Southern Territories', 'EUR'),
(217, 'Togo', 'XOF'),
(218, 'Thailand', 'THB'),
(219, 'Tajikistan', 'TJS'),
(220, 'Tokelau', 'NZD'),
(221, 'East Timor', 'USD'),
(222, 'Turkmenistan', 'TMT'),
(223, 'Tunisia', 'TND'),
(224, 'Tonga', 'TOP'),
(225, 'Turkey', 'TRY'),
(226, 'Trinidad and Tobago', 'TTD'),
(227, 'Tuvalu', 'AUD'),
(228, 'Taiwan', 'TWD'),
(229, 'Tanzania', 'TZS'),
(230, 'Ukraine', 'UAH'),
(231, 'Uganda', 'UGX'),
(232, 'U.S. Minor Outlying Islands', 'USD'),
(233, 'United States', 'USD'),
(234, 'Uruguay', 'UYU'),
(235, 'Uzbekistan', 'UZS'),
(236, 'Vatican City', 'EUR'),
(237, 'Saint Vincent and the Grenadines', 'XCD'),
(238, 'Venezuela', 'VEF'),
(239, 'British Virgin Islands', 'USD'),
(240, 'U.S. Virgin Islands', 'USD'),
(241, 'Vietnam', 'VND'),
(242, 'Vanuatu', 'VUV'),
(243, 'Wallis and Futuna', 'XPF'),
(244, 'Samoa', 'WST'),
(245, 'Kosovo', 'EUR'),
(246, 'Yemen', 'YER'),
(247, 'Mayotte', 'EUR'),
(248, 'South Africa', 'ZAR'),
(249, 'Zambia', 'ZMW'),
(250, 'Zimbabwe', 'ZWL');

-- --------------------------------------------------------

--
-- Estructura de tabla para la tabla `paquetes_error`
--

CREATE TABLE IF NOT EXISTS `paquetes_error` (
  `id` int(11) NOT NULL AUTO_INCREMENT,
  `fecha_hora` datetime DEFAULT NULL,
  `contenido` text,
  `error` text,
  PRIMARY KEY (`id`)
) ENGINE=InnoDB DEFAULT CHARSET=utf8 AUTO_INCREMENT=1 ;

-- --------------------------------------------------------

--
-- Estructura de tabla para la tabla `planes`
--

CREATE TABLE IF NOT EXISTS `planes` (
  `id` int(11) NOT NULL AUTO_INCREMENT,
  `nombre` varchar(16) DEFAULT NULL,
  `precio` double DEFAULT NULL,
  `moneda` varchar(8) DEFAULT NULL,
  `logo_home` tinyint(1) DEFAULT NULL,
  `link_empresa` tinyint(1) DEFAULT NULL,
  PRIMARY KEY (`id`)
) ENGINE=InnoDB  DEFAULT CHARSET=utf8 AUTO_INCREMENT=5 ;

--
-- Volcado de datos para la tabla `planes`
--

INSERT INTO `planes` (`id`, `nombre`, `precio`, `moneda`, `logo_home`, `link_empresa`) VALUES
(1, 'Gratis', 0, 'USD', 0, 0),
(2, 'Bronce', 1120.5, 'USD', 1, 0),
(3, 'Plata', 2739, 'USD', 2, 1),
(4, 'Oro', 5602.5, 'USD', 3, 1);

-- --------------------------------------------------------

--
-- Estructura de tabla para la tabla `plataforma`
--

CREATE TABLE IF NOT EXISTS `plataforma` (
  `id` int(11) NOT NULL AUTO_INCREMENT,
  `nosotros` text,
  `correo_contacto` varchar(255) DEFAULT NULL,
  `politicas` text,
  `facebook` varchar(255) DEFAULT NULL,
  `instagram` varchar(255) DEFAULT NULL,
  `twitter` varchar(255) DEFAULT NULL,
  `youtube` varchar(255) DEFAULT NULL,
  `linkedin` varchar(255) DEFAULT NULL,
  `terminos` text,
  PRIMARY KEY (`id`)
) ENGINE=InnoDB  DEFAULT CHARSET=utf8 AUTO_INCREMENT=2 ;

--
-- Volcado de datos para la tabla `plataforma`
--

INSERT INTO `plataforma` (`id`, `nosotros`, `correo_contacto`, `politicas`, `facebook`, `instagram`, `twitter`, `youtube`, `linkedin`, `terminos`) VALUES
(1, '<p>Somos Jobbers!</p>\n<p>Brindamos herramientas, ante las problem&aacute;ticas sociales y culturales, para dar soluci&oacute;n a los desencuentros entre postulantes y empresas, reduciendo tiempos y costos de empleabilidad.</p>\n<p>&iquest;Qui&eacute;nes Somos?</p>\n<p>Somos un equipo de profesionales con vocaci&oacute;n de trabajo hacia la comunidad. Nos enfocamos en brindar herramientas digitales para dar soluciones concretas e inteligentes.</p>\n<p>Misi&oacute;n</p>\n<p>Nuestra misi&oacute;n es lograr que personas y empresas tengan a su alcance la mejor forma de encontrarse. Trabajamos a trav&eacute;s del campo virtual y personal para mejorar los procedimientos, tiempos y calidad en los reclutamientos, tanto en los ofrecimientos como en la demanda de trabajo.</p>\n<p>Visi&oacute;n</p>\n<p>Mediante nuestras propias investigaciones, con aliados en reclutamiento y desarrollo en todo el mundo, buscamos ser la red de empleo y educaci&oacute;n laboral con impacto social, m&aacute;s grande de Argentina.</p>\n<p>Los valores del equipo Jobbers</p>\n<ul>\n<li>Mucha energ&iacute;a</li>\n<li>Inteligencia emocional</li>\n<li>Credibilidad</li>\n<li>Mirada hacia el futuro</li>\n<li>Creatividad sin l&iacute;mites</li>\n<li>Respeto mutuo</li>\n</ul>\n<p>&<br></p>\n<p>&nbsp;</p>', 'empleos@jobbersargentina.com', '<p><strong>CONDICIONES GENERALES DE USO DEL PORTAL (TERMINOS Y CONDICIONES)</strong></p>\n<p>El uso de los servicios y contenidos de <strong>JOBBERSARGENTINA.COM</strong> en adelante llamado &ldquo;EL PORTAL&rdquo;, se rigen por los siguientes t&eacute;rminos y condiciones. Todo quien visite y utilice &eacute;ste portal ser&aacute; considerado USUARIO del mismo y se reputar&aacute; en consecuencia que conoce y acepta sin reservas todas las condiciones generales que a continuaci&oacute;n aqu&iacute; se detallan.</p>\n<p>Las presentes condiciones generales de uso del PORTAL regulan el acceso y la utilizaci&oacute;n del portal, incluyendo los contenidos y los servicios puestos a disposici&oacute;n de los USUARIOS, bien sea por &eacute;ste portal, bien sea por sus usuarios o por terceros. Sin perjuicio de las condiciones generales que aqu&iacute; se establecen, el acceso y la utilizaci&oacute;n de datos e informaci&oacute;n que se halle sujeto a legislaci&oacute;n espec&iacute;fica se regir&aacute;n por &<br>ellas en tanto no resulten opuestas a las disposiciones aqu&iacute; establecidas.</p>\n<p>El acceso y utilizaci&oacute;n del Portal exige la previa suscripci&oacute;n o registro del Usuario, ello sin embargo, es s&oacute;lo a los fines de registraci&oacute;n para acceder a los servicios del portal, sin implicar el acceso a la privacidad, ni comprometer la confidencialidad de los usuarios.</p>\n<p><strong>JOBBERSARGENTINA.COM</strong> no otorga licencia o autorizaci&oacute;n alguna de uso sobre sus derechos de propiedad intelectual o sobre cualquier otra propiedad o derecho relacionado con &eacute;ste Portal, sus contenidos y los servicios aqu&iacute; proporcionados.</p>\n<p>&nbsp;</p>\n<p><strong>FINALIDAD Y OBJETO</strong></p>\n<p>El Portal,<strong>JOBBERSARGENTINA.COM</strong> tiene como finalidad ser el nexo entre los Usuarios y diferentes empresas, brindando el acceso y el uso de servicios y contenidos relacionados con la b&uacute;squeda de empleo. El Portal publica ofertas de empleo proporcionadas por terceras empresas cuyo objetivo sea la b&uacute;squeda y selecci&oacute;n de candidatos, as&iacute; mismo y en consecuencia de ello se genera una base de datos de personas que a su vez buscan y demandan empleo y que con este fin voluntariamente proporcionan sus datos al Portal. En este Portal se publican contenidos vinculados al contexto laboral, contenidos que son puestos a disposici&oacute;n de los Usuarios por <strong>JOBBERSARGENTINA.COM</strong>, por terceros usuarios del Portal y/o por terceros proveedores de servicios y contenidos.</p>\n<p><strong>JOBBERSARGENTINA.COM</strong> se reserva el derecho a modificar unilateralmente, en cualquier momento y sin aviso previo, los Servicios, las presentes condiciones generales as&iacute; como &nbsp;la presentaci&oacute;n y configuraci&oacute;n de este Portal. Los servicios y el funcionamiento de &eacute;sta Plataforma se establecen por tiempo indeterminado, sin perjuicio de que <strong>JOBBERSARGENTINA.COM</strong> se encuentra autorizado para suspender o dar por finalizada la prestaci&oacute;n de los servicios del Portal en cualquier momento y cuando las circunstancia as&iacute; lo justifiquen.</p>\n<p><strong>&nbsp;</strong></p>\n<p><strong>&nbsp;</strong></p>\n<p><strong>RESPONSABILIDAD Y USO DE COOKIES (TERMINOS Y CONDICIONES)</strong></p>\n<p><strong>JOBBERSARGENTINA.COM</strong> utiliza cookies cuando un Usuario navega por los sitios y p&aacute;ginas web del Portal. Nuestras cookies se asocian &uacute;nicamente con un Usuario an&oacute;nimo y su ordenador y no proporcionan referencias que permitan deducir el nombre y apellidos del Usuario. Las cookies de este Portal no pueden leer datos de su disco duro ni leer los archivos cookie creados por otros proveedores.</p>\n<p>El Portal pone a disposici&oacute;n de sus Usuarios enlaces as&iacute; como tambi&eacute;n herramientas de b&uacute;squeda que permiten acceder a sitios web pertenecientes o gestionados por terceros, en virtud de los fines de este Portal y con la &uacute;nica finalidad de simplificar el acceso a los servicios y la b&uacute;squeda de informaci&oacute;n. De manera alguna la incorporaci&oacute;n de dichos enlaces significa participaci&oacute;n de ninguna &iacute;ndole en los mismos ni en material brindado por estos sitios.</p>\n<p>El Usuario tiene pleno conocimiento y en consecuencia acepta que &eacute;ste Portal no es responsable bajo ninguna circunstancia por los da&ntilde;os y perjuicio de cualquier &iacute;ndole que pudieran resultar del funcionamiento, la disponibilidad y el contenido de los sitios enlazados. El Portal se exime expresamente de cualquier da&ntilde;o que se pueda ocasionar en los sistemas operativos por la presencia de virus o mecanismos similares, pese a que desde el portal se toman todas las medidas y recaudos tecnol&oacute;gicos tendientes a evitarlo.</p>\n<p><strong>JOBBERSARGENTINA.COM</strong> no se hace responsable del uso que tanto Usuarios como terceros puedan hacer del Portal, ni responde por los da&ntilde;os que de dicho uso puedan derivar. Este Portal no garantiza la veracidad de los datos o contenidos que los Usuarios brinden o publiquen en el contexto y con motivo de los servicios que &eacute;sta plataforma proporciona. Y bajo ninguna circunstancia &eacute;ste Portal ser&aacute; responsable por los da&ntilde;os y perjuicio de cualquier &iacute;ndole que pudieran surgir como consecuencia de datos falsos o informaci&oacute;n mal habida que los Usuarios brinden a otros Usuarios o a terceros por medio de &eacute;sta plataforma. Este Portal no es responsable por los da&ntilde;os y perjuicios que pudieran resultar por el uso por parte de los Usuarios de una identidad falsa o de la supresi&oacute;n de la identidad de un tercero realizada en este Portal y en el contexto de los contenidos de &eacute;sta plataforma.</p>\n<p>&nbsp;<strong>LEGISLACION Y JURISDICCI&Oacute;N APLICABLE (TERMINOS Y CONDICIONES)</strong></p>\n<p>Este Portal y estas condiciones de uso se rigen por las leyes de la Rep&uacute;blica Argentina, someti&eacute;ndose <strong>JOBBERSARGENTINA.COM</strong> y los Usuarios a la Jurisdicci&oacute;n de los Juzgados y Tribunales de la Ciudad de C&oacute;rdoba, Rep&uacute;blica Argentina, renunciando expresamente a cualquier otro fuero que les pudiera corresponder.</p>\n<p>&nbsp;</p>\n<p>&nbsp;</p>', 'https://www.facebook.com/conseguirtrabajoencordoba2015/', 'https://www.instagram.com/jobbersargent/', '', '', 'linkedin.com/in/jobbers-argentina-4533b7134', '<p><strong>CONDICIONES GENERALES DE USO DEL PORTAL (TERMINOS Y CONDICIONES)</strong></p>\n<p>El uso de los servicios y contenidos de <strong>JOBBERSARGENTINA.COM</strong> en adelante llamado &ldquo;EL PORTAL&rdquo;, se rigen por los siguientes t&eacute;rminos y condiciones. Todo quien visite y utilice &eacute;ste portal ser&aacute; considerado USUARIO del mismo y se reputar&aacute; en consecuencia que conoce y acepta sin reservas todas las condiciones generales que a continuaci&oacute;n aqu&iacute; se detallan.</p>\n<p>Las presentes condiciones generales de uso del PORTAL regulan el acceso y la utilizaci&oacute;n del portal, incluyendo los contenidos y los servicios puestos a disposici&oacute;n de los USUARIOS, bien sea por &eacute;ste portal, bien sea por sus usuarios o por terceros. Sin perjuicio de las condiciones generales que aqu&iacute; se establecen, el acceso y la utilizaci&oacute;n de datos e informaci&oacute;n que se halle sujeto a legislaci&oacute;n espec&iacute;fica se regir&aacute;n por &<br>ellas en tanto no resulten opuestas a las disposiciones aqu&iacute; establecidas.</p>\n<p>El acceso y utilizaci&oacute;n del Portal exige la previa suscripci&oacute;n o registro del Usuario, ello sin embargo, es s&oacute;lo a los fines de registraci&oacute;n para acceder a los servicios del portal, sin implicar el acceso a la privacidad, ni comprometer la confidencialidad de los usuarios.</p>\n<p><strong>JOBBERSARGENTINA.COM</strong> no otorga licencia o autorizaci&oacute;n alguna de uso sobre sus derechos de propiedad intelectual o sobre cualquier otra propiedad o derecho relacionado con &eacute;ste Portal, sus contenidos y los servicios aqu&iacute; proporcionados.</p>\n<p>&nbsp;</p>\n<p><strong>FINALIDAD Y OBJETO</strong></p>\n<p>El Portal,<strong>JOBBERSARGENTINA.COM</strong> tiene como finalidad ser el nexo entre los Usuarios y diferentes empresas, brindando el acceso y el uso de servicios y contenidos relacionados con la b&uacute;squeda de empleo. El Portal publica ofertas de empleo proporcionadas por terceras empresas cuyo objetivo sea la b&uacute;squeda y selecci&oacute;n de candidatos, as&iacute; mismo y en consecuencia de ello se genera una base de datos de personas que a su vez buscan y demandan empleo y que con este fin voluntariamente proporcionan sus datos al Portal. En este Portal se publican contenidos vinculados al contexto laboral, contenidos que son puestos a disposici&oacute;n de los Usuarios por <strong>JOBBERSARGENTINA.COM</strong>, por terceros usuarios del Portal y/o por terceros proveedores de servicios y contenidos.</p>\n<p><strong>JOBBERSARGENTINA.COM</strong> se reserva el derecho a modificar unilateralmente, en cualquier momento y sin aviso previo, los Servicios, las presentes condiciones generales as&iacute; como &nbsp;la presentaci&oacute;n y configuraci&oacute;n de este Portal. Los servicios y el funcionamiento de &eacute;sta Plataforma se establecen por tiempo indeterminado, sin perjuicio de que <strong>JOBBERSARGENTINA.COM</strong> se encuentra autorizado para suspender o dar por finalizada la prestaci&oacute;n de los servicios del Portal en cualquier momento y cuando las circunstancia as&iacute; lo justifiquen.</p>\n<p><strong>&nbsp;</strong></p>\n<p><strong>&nbsp;</strong></p>\n<p><strong>RESPONSABILIDAD Y USO DE COOKIES (TERMINOS Y CONDICIONES)</strong></p>\n<p><strong>JOBBERSARGENTINA.COM</strong> utiliza cookies cuando un Usuario navega por los sitios y p&aacute;ginas web del Portal. Nuestras cookies se asocian &uacute;nicamente con un Usuario an&oacute;nimo y su ordenador y no proporcionan referencias que permitan deducir el nombre y apellidos del Usuario. Las cookies de este Portal no pueden leer datos de su disco duro ni leer los archivos cookie creados por otros proveedores.</p>\n<p>El Portal pone a disposici&oacute;n de sus Usuarios enlaces as&iacute; como tambi&eacute;n herramientas de b&uacute;squeda que permiten acceder a sitios web pertenecientes o gestionados por terceros, en virtud de los fines de este Portal y con la &uacute;nica finalidad de simplificar el acceso a los servicios y la b&uacute;squeda de informaci&oacute;n. De manera alguna la incorporaci&oacute;n de dichos enlaces significa participaci&oacute;n de ninguna &iacute;ndole en los mismos ni en material brindado por estos sitios.</p>\n<p>El Usuario tiene pleno conocimiento y en consecuencia acepta que &eacute;ste Portal no es responsable bajo ninguna circunstancia por los da&ntilde;os y perjuicio de cualquier &iacute;ndole que pudieran resultar del funcionamiento, la disponibilidad y el contenido de los sitios enlazados. El Portal se exime expresamente de cualquier da&ntilde;o que se pueda ocasionar en los sistemas operativos por la presencia de virus o mecanismos similares, pese a que desde el portal se toman todas las medidas y recaudos tecnol&oacute;gicos tendientes a evitarlo.</p>\n<p><strong>JOBBERSARGENTINA.COM</strong> no se hace responsable del uso que tanto Usuarios como terceros puedan hacer del Portal, ni responde por los da&ntilde;os que de dicho uso puedan derivar. Este Portal no garantiza la veracidad de los datos o contenidos que los Usuarios brinden o publiquen en el contexto y con motivo de los servicios que &eacute;sta plataforma proporciona. Y bajo ninguna circunstancia &eacute;ste Portal ser&aacute; responsable por los da&ntilde;os y perjuicio de cualquier &iacute;ndole que pudieran surgir como consecuencia de datos falsos o informaci&oacute;n mal habida que los Usuarios brinden a otros Usuarios o a terceros por medio de &eacute;sta plataforma. Este Portal no es responsable por los da&ntilde;os y perjuicios que pudieran resultar por el uso por parte de los Usuarios de una identidad falsa o de la supresi&oacute;n de la identidad de un tercero realizada en este Portal y en el contexto de los contenidos de &eacute;sta plataforma.</p>\n<p>&nbsp;<strong>LEGISLACION Y JURISDICCI&Oacute;N APLICABLE (TERMINOS Y CONDICIONES)</strong></p>\n<p>Este Portal y estas condiciones de uso se rigen por las leyes de la Rep&uacute;blica Argentina, someti&eacute;ndose <strong>JOBBERSARGENTINA.COM</strong> y los Usuarios a la Jurisdicci&oacute;n de los Juzgados y Tribunales de la Ciudad de C&oacute;rdoba, Rep&uacute;blica Argentina, renunciando expresamente a cualquier otro fuero que les pudiera corresponder.</p>\n<p>&nbsp;</p>\n<p>&nbsp;</p>');

-- --------------------------------------------------------

--
-- Estructura de tabla para la tabla `postulaciones`
--

CREATE TABLE IF NOT EXISTS `postulaciones` (
  `id` int(11) NOT NULL AUTO_INCREMENT,
  `id_publicacion` int(11) NOT NULL,
  `id_trabajador` int(11) NOT NULL,
  `fecha_hora` datetime NOT NULL,
  PRIMARY KEY (`id`)
) ENGINE=InnoDB  DEFAULT CHARSET=utf8 AUTO_INCREMENT=17 ;

--
-- Volcado de datos para la tabla `postulaciones`
--

INSERT INTO `postulaciones` (`id`, `id_publicacion`, `id_trabajador`, `fecha_hora`) VALUES
(1, 2, 2, '2017-04-26 18:16:49'),
(2, 3, 4, '2017-05-16 18:06:04'),
(3, 3, 2, '2017-05-30 18:53:32'),
(4, 3, 8, '2017-06-02 10:55:59'),
(5, 4, 10, '2017-06-20 11:16:32'),
(6, 4, 52, '2017-07-11 04:29:57'),
(7, 7, 58, '2017-07-30 18:12:47'),
(8, 9, 58, '2017-07-31 05:14:37'),
(9, 12, 58, '2017-08-03 11:44:53'),
(10, 14, 58, '2017-08-06 18:53:25'),
(11, 6, 109, '2017-08-11 18:05:46'),
(12, 11, 148, '2017-08-11 21:31:55'),
(13, 3, 119, '2017-08-13 17:07:18'),
(14, 4, 119, '2017-08-13 17:08:07'),
(15, 6, 119, '2017-08-13 17:09:02'),
(16, 15, 197, '2017-08-14 17:12:17');

-- --------------------------------------------------------

--
-- Estructura de tabla para la tabla `provincias`
--

CREATE TABLE IF NOT EXISTS `provincias` (
  `id` int(10) NOT NULL AUTO_INCREMENT,
  `provincia` varchar(255) NOT NULL,
  PRIMARY KEY (`id`)
) ENGINE=MyISAM  DEFAULT CHARSET=latin1 AUTO_INCREMENT=26 ;

--
-- Volcado de datos para la tabla `provincias`
--

INSERT INTO `provincias` (`id`, `provincia`) VALUES
(1, 'Buenos Aires'),
(2, 'Buenos Aires-GBA'),
(3, 'Capital Federal'),
(4, 'Catamarca'),
(5, 'Chaco'),
(6, 'Chubut'),
(7, 'Córdoba'),
(8, 'Corrientes'),
(9, 'Entre Ríos'),
(10, 'Formosa'),
(11, 'Jujuy'),
(12, 'La Pampa'),
(13, 'La Rioja'),
(14, 'Mendoza'),
(15, 'Misiones'),
(16, 'Neuquén'),
(17, 'Río Negro'),
(18, 'Salta'),
(19, 'San Juan'),
(20, 'San Luis'),
(21, 'Santa Cruz'),
(22, 'Santa Fe'),
(23, 'Santiago del Estero'),
(24, 'Tierra del Fuego'),
(25, 'Tucumán');

-- --------------------------------------------------------

--
-- Estructura de tabla para la tabla `provincias_localidades`
--

CREATE TABLE IF NOT EXISTS `provincias_localidades` (
  `id` int(11) NOT NULL AUTO_INCREMENT,
  `id_provincia` int(11) DEFAULT NULL,
  `id_localidad` int(11) DEFAULT NULL,
  PRIMARY KEY (`id`)
) ENGINE=InnoDB DEFAULT CHARSET=utf8 AUTO_INCREMENT=1 ;

-- --------------------------------------------------------

--
-- Estructura de tabla para la tabla `publicaciones`
--

CREATE TABLE IF NOT EXISTS `publicaciones` (
  `id` int(11) NOT NULL AUTO_INCREMENT,
  `id_empresa` int(11) DEFAULT NULL,
  `titulo` varchar(68) DEFAULT NULL,
  `descripcion` text,
  `amigable` varchar(48) DEFAULT NULL,
  `fecha_creacion` datetime DEFAULT NULL,
  `fecha_actualizacion` datetime DEFAULT NULL,
  `coordenadas` varchar(255) DEFAULT NULL,
  `ubicacion` varchar(255) DEFAULT NULL,
  PRIMARY KEY (`id`)
) ENGINE=InnoDB  DEFAULT CHARSET=utf8 AUTO_INCREMENT=16 ;

--
-- Volcado de datos para la tabla `publicaciones`
--

INSERT INTO `publicaciones` (`id`, `id_empresa`, `titulo`, `descripcion`, `amigable`, `fecha_creacion`, `fecha_actualizacion`, `coordenadas`, `ubicacion`) VALUES
(2, 2, 'Nueva empresa busca vendedor de RRHH', '<p>Se busca vendedor /a</p>', 'nueva-empresa-busca-vendedor-de-rrhh', '2017-04-26 18:06:39', '2017-04-28 14:33:42', '', ''),
(3, 3, 'Community Managament ', '<p>Nueva&nbsp;Empresa busca 1&nbsp;Community Manager para sumar a su equipo&nbsp;</p>\n<p>Se buscan JOVENES HASTA 30 A&Ntilde;OS CON MARCADO PERFIL COMERCIAL,&nbsp;proactivo y orientado a resultados, con habilidad para&nbsp;resolver reclamos, agil y din&aacute;mico, con ideas, creatividad y autonomia, &nbsp;buena ortograf&iacute;a y redacci&oacute;n, orden y planificicaci&oacute;n, con&nbsp;habilidad para relacionarse interpersonalmente y&nbsp;experiencia excluyente.</p>\n<p>Su principales tareas ser&aacute;n atender y desarrollar FB, TWT, Instagram y linkedin</p>\n<p>- Generar e implementar el plan anual de actividades</p>\n<p>- Crear y Gestionar Perfiles</p>\n<p>- Hacer crecer la comunidad</p>\n<p>- Manejo de estad&iacute;stica y&nbsp;Reportes de FB</p>\n<p>- Programar post y dar respuesta a comentarios</p>\n<p>- Generar contenidos</p>', 'community-managament', '2017-05-01 22:30:58', '2017-05-17 14:59:31', '-31.4199093,-64.18789', ''),
(4, 3, 'Marketing y Publicidad', '<p>Se BUSCA persona FREE LANCE con perfil creativo ,capacidad de autogesti&oacute;n y adaptabilidad en tareas virtuales.</p>\n<p>La edad no es un requisito indispensable al igual que el sexo.&nbsp;</p>\n<p>&nbsp;</p>', 'marketing-y-publicidad', '2017-05-18 15:05:37', '2017-05-18 15:05:37', '-31.4199093,-64.18789', ''),
(5, 3, 'prueba', '<p>prueba</p>', 'prueba', '2017-07-20 23:38:42', '2017-07-20 23:38:42', '', ''),
(6, 19, 'Servicio web', '<p>Busco community manager&nbsp;</p>', 'servicio-web', '2017-07-21 08:27:27', '2017-07-21 08:27:27', '', ''),
(11, 21, 'ggg', '<p>ggg</p>', 'ggg', '2017-07-31 11:06:46', '2017-07-31 11:06:46', '', ''),
(12, 22, 'pastelero', '<p>Importante empresa en crecimiento busca incorporar a su staff maestro pastelero</p>\n<p>Requisitos: sexo masculino / femenino&nbsp;</p>\n<p>Disponibilidad : full time&nbsp;</p>\n<p>Lugar de Residencia : Cordoba Capital</p>\n<p>Experiencia minima &nbsp;: 1 a&ntilde;o</p>', 'pastelero', '2017-08-03 11:40:46', '2017-08-03 11:40:46', '', ''),
(13, 20, 'Se busca:', '<p>Se busca para cubrir puesto de Marketing</p>', 'se-busca', '2017-08-06 11:39:35', '2017-08-06 11:39:35', '', ''),
(14, 23, 'Diseñador gráfico', '<p>Se busca dise&ntilde;ador grafico&nbsp;</p>', 'disenador-grafico', '2017-08-06 17:16:58', '2017-08-06 17:16:58', '', ''),
(15, 25, 'VOLUNTARIADO', '<p>Nos encontramos en b&uacute;squeda&nbsp;en el area de Marketing Corporativo y usuarios</p>\n<p>TAREAS A REALIZAR:</p>\n<p>&nbsp;</p>\n<ul>\n<li>Dise&ntilde;o de la experiencia de cliente en la compa&ntilde;&iacute;a, a trav&eacute;s del relevamiento de la experiencia actual y la construcci&oacute;n de una propuesta de mejora continua. A cargo de la implementaci&oacute;n de propuestas de servicios y experiencia clusterizadas.</li>\n<li>Promover en la organizaci&oacute;n una cultura orientada a clientes</li>\n<li>Informar los puntos a mejorar de cada &aacute;rea de la compa&ntilde;&iacute;a, as&iacute; como tambi&eacute;n brindar alternativas de mejora, y supervisar el plan de trabajo de cada &aacute;rea para lograr los objetivos de mejora del indicadores.</li>\n<li>A cargo del modelo de atenci&oacute;n de la compa&ntilde;&iacute;a y el lenguaje del contacto con los clientes.</li>\n<li>Liderar junto con recursos humanos programas de capacitaci&oacute;n orientadas a las necesidades de los clientes y usuarios</li>\n<li>Investigaci&oacute;n de mercado</li>\n<li>Armado de proyectos&nbsp;</li>\n</ul>', 'voluntariado', '2017-08-11 12:33:15', '2017-08-11 12:33:15', '', '');

-- --------------------------------------------------------

--
-- Estructura de tabla para la tabla `publicaciones_imagenes`
--

CREATE TABLE IF NOT EXISTS `publicaciones_imagenes` (
  `id` int(255) NOT NULL AUTO_INCREMENT,
  `id_publicacion` int(11) DEFAULT NULL,
  `id_imagen` int(11) DEFAULT NULL,
  `fecha_creacion` datetime DEFAULT NULL,
  `fecha_actualizacion` datetime DEFAULT NULL,
  PRIMARY KEY (`id`)
) ENGINE=InnoDB DEFAULT CHARSET=utf8 AUTO_INCREMENT=1 ;

-- --------------------------------------------------------

--
-- Estructura de tabla para la tabla `publicaciones_sectores`
--

CREATE TABLE IF NOT EXISTS `publicaciones_sectores` (
  `id` int(11) NOT NULL AUTO_INCREMENT,
  `id_publicacion` int(11) DEFAULT NULL,
  `id_sector` int(11) DEFAULT NULL,
  PRIMARY KEY (`id`)
) ENGINE=InnoDB  DEFAULT CHARSET=utf8 AUTO_INCREMENT=40 ;

--
-- Volcado de datos para la tabla `publicaciones_sectores`
--

INSERT INTO `publicaciones_sectores` (`id`, `id_publicacion`, `id_sector`) VALUES
(6, 2, 5),
(25, 3, 65),
(27, 4, 66),
(28, 5, 61),
(29, 6, 88),
(34, 11, 5),
(35, 12, 114),
(37, 13, 68),
(38, 14, 169),
(39, 15, 68);

-- --------------------------------------------------------

--
-- Estructura de tabla para la tabla `publicaciones_videos`
--

CREATE TABLE IF NOT EXISTS `publicaciones_videos` (
  `id` int(11) NOT NULL AUTO_INCREMENT,
  `id_publicacion` int(11) DEFAULT NULL,
  `titulo` varchar(48) DEFAULT NULL,
  `enlace` varchar(64) DEFAULT NULL,
  `fecha_creacion` datetime DEFAULT NULL,
  `fecha_actualzacion` datetime DEFAULT NULL,
  PRIMARY KEY (`id`)
) ENGINE=InnoDB DEFAULT CHARSET=utf8 AUTO_INCREMENT=1 ;

-- --------------------------------------------------------

--
-- Estructura de tabla para la tabla `publicidad`
--

CREATE TABLE IF NOT EXISTS `publicidad` (
  `id` int(11) NOT NULL AUTO_INCREMENT,
  `titulo` varchar(255) DEFAULT NULL,
  `url` varchar(255) DEFAULT NULL,
  `id_imagen` int(11) DEFAULT NULL,
  `fecha_creacion` datetime DEFAULT NULL,
  `fecha_actualizacion` datetime DEFAULT NULL,
  `tipo_publicidad` tinyint(4) DEFAULT NULL,
  `mi_publicidad` tinyint(4) DEFAULT NULL,
  PRIMARY KEY (`id`)
) ENGINE=InnoDB  DEFAULT CHARSET=utf8 AUTO_INCREMENT=54 ;

--
-- Volcado de datos para la tabla `publicidad`
--

INSERT INTO `publicidad` (`id`, `titulo`, `url`, `id_imagen`, `fecha_creacion`, `fecha_actualizacion`, `tipo_publicidad`, `mi_publicidad`) VALUES
(51, 'Jobbers Argentina', 'jobbersargentina.com', 50, '2017-08-15 11:04:20', '2017-08-15 11:04:20', 2, 1),
(53, 'Hacé click aquí', 'http://www.celsiusinstituto.com.ar', 52, '2017-08-15 11:15:34', '2017-08-15 11:15:34', 2, 1);

-- --------------------------------------------------------

--
-- Estructura de tabla para la tabla `servicios`
--

CREATE TABLE IF NOT EXISTS `servicios` (
  `id` int(11) NOT NULL AUTO_INCREMENT,
  `nombre` varchar(32) DEFAULT NULL,
  `precio` double DEFAULT NULL,
  `curiculos_disponibles` int(11) DEFAULT NULL,
  `filtros_personalizados` tinyint(1) DEFAULT NULL,
  PRIMARY KEY (`id`)
) ENGINE=InnoDB  DEFAULT CHARSET=utf8 AUTO_INCREMENT=5 ;

--
-- Volcado de datos para la tabla `servicios`
--

INSERT INTO `servicios` (`id`, `nombre`, `precio`, `curiculos_disponibles`, `filtros_personalizados`) VALUES
(1, 'Busqueda en base x 40', 1120.5, 40, 1),
(2, 'Busqueda en base x 100', 1743, 100, 1),
(3, 'Busqueda en base x 150', 2739, 150, 1),
(4, 'Gratis', 0, 15, 0);

-- --------------------------------------------------------

--
-- Estructura de tabla para la tabla `sexos`
--

CREATE TABLE IF NOT EXISTS `sexos` (
  `id` int(11) NOT NULL AUTO_INCREMENT,
  `nombre` varchar(48) DEFAULT NULL,
  PRIMARY KEY (`id`)
) ENGINE=InnoDB  DEFAULT CHARSET=utf8 AUTO_INCREMENT=3 ;

--
-- Volcado de datos para la tabla `sexos`
--

INSERT INTO `sexos` (`id`, `nombre`) VALUES
(1, 'Masculino'),
(2, 'Femenino');

-- --------------------------------------------------------

--
-- Estructura de tabla para la tabla `telefonos`
--

CREATE TABLE IF NOT EXISTS `telefonos` (
  `id` int(11) NOT NULL AUTO_INCREMENT,
  `codigo_area` varchar(16) DEFAULT NULL,
  `numero` varchar(24) DEFAULT NULL,
  PRIMARY KEY (`id`)
) ENGINE=InnoDB DEFAULT CHARSET=utf8 AUTO_INCREMENT=1 ;

-- --------------------------------------------------------

--
-- Estructura de tabla para la tabla `tipos_documento_identificacion`
--

CREATE TABLE IF NOT EXISTS `tipos_documento_identificacion` (
  `id` int(11) NOT NULL AUTO_INCREMENT,
  `nombre` varchar(48) DEFAULT NULL,
  PRIMARY KEY (`id`)
) ENGINE=InnoDB  DEFAULT CHARSET=utf8 AUTO_INCREMENT=6 ;

--
-- Volcado de datos para la tabla `tipos_documento_identificacion`
--

INSERT INTO `tipos_documento_identificacion` (`id`, `nombre`) VALUES
(1, 'Cedula de Identidad'),
(2, 'L.E'),
(3, 'Pasaporte'),
(4, 'L.C'),
(5, 'DNI');

-- --------------------------------------------------------

--
-- Estructura de tabla para la tabla `trabajadores`
--

CREATE TABLE IF NOT EXISTS `trabajadores` (
  `id` int(255) NOT NULL AUTO_INCREMENT,
  `uid` int(11) NOT NULL,
  `id_imagen` int(11) DEFAULT NULL,
  `id_sexo` int(11) DEFAULT NULL,
  `id_estado_civil` int(11) DEFAULT NULL,
  `id_tipo_documento_identificacion` int(11) DEFAULT NULL,
  `id_pais` int(11) DEFAULT NULL,
  `provincia` varchar(64) DEFAULT NULL,
  `localidad` varchar(64) DEFAULT NULL,
  `calle` varchar(255) DEFAULT NULL,
  `id_metodo_acceso` varchar(255) DEFAULT NULL,
  `nombres` varchar(64) DEFAULT NULL,
  `apellidos` varchar(64) DEFAULT NULL,
  `numero_documento_identificacion` varchar(255) DEFAULT NULL,
  `fecha_nacimiento` date DEFAULT NULL,
  `telefono` varchar(32) DEFAULT NULL,
  `telefono_alternativo` varchar(32) DEFAULT NULL,
  `usuario` varchar(32) DEFAULT NULL,
  `clave` varchar(64) DEFAULT NULL,
  `correo_electronico` varchar(48) DEFAULT NULL,
  `confirmar` tinyint(4) NOT NULL DEFAULT '0',
  `codigo_recuperacion` varchar(32) DEFAULT NULL,
  `fecha_creacion` datetime DEFAULT NULL,
  `fecha_actualizacion` datetime DEFAULT NULL,
  `calificacion_general` double DEFAULT NULL,
  `sitio_web` varchar(128) DEFAULT NULL,
  `facebook` varchar(128) DEFAULT NULL,
  `twitter` varchar(128) DEFAULT NULL,
  `instagram` varchar(128) DEFAULT NULL,
  `snapchat` varchar(128) DEFAULT NULL,
  `publicidad` tinyint(1) DEFAULT NULL,
  `newsletter` tinyint(1) DEFAULT NULL,
  `publico` tinyint(1) DEFAULT '1',
  PRIMARY KEY (`id`,`uid`)
) ENGINE=InnoDB  DEFAULT CHARSET=utf8 ROW_FORMAT=COMPACT AUTO_INCREMENT=202 ;

--
-- Volcado de datos para la tabla `trabajadores`
--

INSERT INTO `trabajadores` (`id`, `uid`, `id_imagen`, `id_sexo`, `id_estado_civil`, `id_tipo_documento_identificacion`, `id_pais`, `provincia`, `localidad`, `calle`, `id_metodo_acceso`, `nombres`, `apellidos`, `numero_documento_identificacion`, `fecha_nacimiento`, `telefono`, `telefono_alternativo`, `usuario`, `clave`, `correo_electronico`, `confirmar`, `codigo_recuperacion`, `fecha_creacion`, `fecha_actualizacion`, `calificacion_general`, `sitio_web`, `facebook`, `twitter`, `instagram`, `snapchat`, `publicidad`, `newsletter`, `publico`) VALUES
(55, 63, 0, 2, 1, 5, 10, '7', '543', 'bv san juan 1587', '', 'muriel', 'auad', '34316017', '1969-12-31', '3516217991', '', 'muriel', '8f8ff60ac69b8ff269a4f52944b17801', 'murylomas@hotmail.com', 1, NULL, '2017-07-19 10:26:30', '2017-07-19 11:37:22', NULL, NULL, NULL, NULL, NULL, NULL, 0, 1, NULL),
(59, 75, 0, 0, 0, 0, 0, '', '', '', '', 'Gianna', 'Escuredo Daniel', '', NULL, '', '', 'Gianna.Escuredo', 'ef513912527f6f3615ebcaba34ad7f64', 'Gianna.Escuredo@gmail.com', 1, NULL, '2017-08-11 01:15:23', '2017-08-11 01:15:23', NULL, NULL, NULL, NULL, NULL, NULL, 0, 0, 1),
(60, 76, 0, 0, 0, 0, 0, '', '', '', '', 'Natalia Vanesa', 'Jurado', '', NULL, '', '', 'Naty026', '39b5cccec7705e63cce678c3bd285ee7', 'natalia.jurado1@gmail.com', 0, NULL, '2017-08-11 01:16:05', '2017-08-11 01:16:05', NULL, NULL, NULL, NULL, NULL, NULL, 0, 0, 1),
(61, 77, 0, 0, 0, 0, 0, '', '', '', '', 'Alejandra jesus', 'Figueroa Ferreyra', '', NULL, '', '', 'Alejandra Figueroa', '0d6790ac6338e89139ff37a1ef3bc97a', 'jany_04_223@outlook.com.ar', 0, NULL, '2017-08-11 01:21:59', '2017-08-11 01:21:59', NULL, NULL, NULL, NULL, NULL, NULL, 0, 1, 1),
(62, 78, 0, 0, 0, 0, 0, '', '', '', '', 'Miriam', 'Estabri', '', NULL, '', '', 'Miriam Estabri', '861d548eba73e420b41d523a129ffc16', 'miriam763@hotmail.com', 0, NULL, '2017-08-11 01:22:09', '2017-08-11 01:22:09', NULL, NULL, NULL, NULL, NULL, NULL, 0, 0, 1),
(63, 79, 0, 0, 0, 0, 0, '', '', '', '', 'Roxana', 'Gimenez', '', NULL, '', '', 'Roxana gimenez', 'cdd6162f847e69906b8aa769b22d1f86', 'roxi_jime2010@live.com.ar', 0, NULL, '2017-08-11 01:22:23', '2017-08-11 01:22:23', NULL, NULL, NULL, NULL, NULL, NULL, 0, 1, 1),
(64, 0, 0, 0, 0, 0, 0, '', '', '', '', 'Patricia Figliuolo Pires', '', '', NULL, '', '', '', '', 'patriciaffp@gmail.com', 0, NULL, '2017-08-11 01:22:34', '2017-08-11 01:22:34', NULL, NULL, NULL, NULL, NULL, NULL, NULL, NULL, 1),
(65, 80, 0, 1, 5, 5, 10, '7', '543', 'anacreonte ', '', 'hugo lucas', 'arenas', '36358432', '1991-09-07', '3512877492', '', 'lukaz22', 'b834219abb11bb81f60f6441b913e190', 'lucaarenas26@gmail.com', 1, NULL, '2017-08-11 01:23:34', '2017-08-11 01:32:31', NULL, NULL, NULL, NULL, NULL, NULL, 0, 0, 1),
(66, 81, 0, 0, 0, 0, 0, '', '', '', '', 'Paula', 'Grilli', '', NULL, '', '', 'Mpaulagrilli', '7b365ada8c5b531728b51b5b2ee0737d', 'mpaulagrilli@gmail.com', 1, NULL, '2017-08-11 01:24:25', '2017-08-11 01:24:25', NULL, NULL, NULL, NULL, NULL, NULL, 0, 1, 1),
(67, 82, 0, 0, 0, 0, 0, '', '', '', '', 'paula sofia', 'chaves', '', NULL, '', '', 'paulasofia', 'a3947d0de938fa03f7b4b96ed758a458', 'sofiapaulachaves6@gmail.com', 1, NULL, '2017-08-11 01:25:38', '2017-08-11 01:25:38', NULL, NULL, NULL, NULL, NULL, NULL, 0, 1, 1),
(68, 83, 0, 0, 0, 0, 0, '', '', '', '', 'Marisol ', 'Córdoba ', '', NULL, '', '', 'marisol.39', '83dbef69fe09bf924c519a119d990728', 'marisol.cordoba.31@gmail.com', 1, NULL, '2017-08-11 01:25:47', '2017-08-11 01:25:47', NULL, NULL, NULL, NULL, NULL, NULL, 0, 1, 1),
(69, 84, 0, 0, 0, 0, 0, '', '', '', '', 'Ana', 'Nieto', '', NULL, '', '', 'Ana Nieto', 'f7d4124c7cedbcaa1d9238c3d59f40d6', 'anacris_32@hotmail.com', 0, NULL, '2017-08-11 01:25:49', '2017-08-11 01:25:49', NULL, NULL, NULL, NULL, NULL, NULL, 0, 1, 1),
(70, 85, 0, 0, 0, 0, 0, '', '', '', '', 'gisela', 'risso patron', '', NULL, '', '', 'gigi', '846d332032fd33ca8c5df405e87a9a6e', 'yiyo226@hotmail.com', 0, NULL, '2017-08-11 01:26:45', '2017-08-11 01:26:45', NULL, NULL, NULL, NULL, NULL, NULL, 0, 0, 1),
(71, 86, 0, 0, 0, 0, 0, '', '', '', '', 'Analia', 'Ramírez ', '', NULL, '', '', 'Analia ramirez', '29ec68b89e4642614ece697c58516c6d', 'la-flacaramirez@hotmail.com', 0, NULL, '2017-08-11 01:27:35', '2017-08-11 01:27:35', NULL, NULL, NULL, NULL, NULL, NULL, 0, 1, 1),
(72, 87, 0, 0, 0, 0, 0, '', '', '', '', 'Maribel', 'Ochoa Nuñez', '', NULL, '', '', 'maby', 'f8053f9b934ef90026d5243557ad9f2e', 'chinese12@hotmail.com', 0, NULL, '2017-08-11 01:30:29', '2017-08-11 01:30:29', NULL, NULL, NULL, NULL, NULL, NULL, 0, 1, 1),
(73, 88, 0, 0, 0, 0, 0, '', '', '', '', 'Mauricio Gabriel', 'Bonvin', '', NULL, '', '', 'mauriciobonvin@gmail.com', 'f662c891ac2cd0a235dc90493d578ec0', 'mauriciobonvin@gmail.com', 1, NULL, '2017-08-11 01:30:47', '2017-08-11 01:30:47', NULL, NULL, NULL, NULL, NULL, NULL, 0, 1, 1),
(74, 89, 0, 0, 0, 0, 0, '', '', '', '', 'Valeria', 'Chajud', '', NULL, '', '', 'valeria chajud', 'f0ab3f8e54e813ad8410d40f7cd4621c', 'valchajud@hotmail.com.ar', 0, NULL, '2017-08-11 01:31:09', '2017-08-11 01:31:09', NULL, NULL, NULL, NULL, NULL, NULL, 0, 0, 1),
(75, 90, 38, 0, 0, 0, 0, '', '', '', '', 'Santiago', 'Pizichini', '', NULL, '', '', 'stgopizichini85', 'eccd258d9ca99f17b17713b5fef83a39', 'santiagopizichini@hotmail.com', 0, '1502482100', '2017-08-11 01:31:25', '2017-08-11 01:31:25', NULL, NULL, NULL, NULL, NULL, NULL, 0, 0, 1),
(76, 91, 0, 0, 0, 0, 0, '', '', '', '', 'Heraldo Gabriel Nicolás ', 'Cabrera Romero', '', NULL, '', '', 'Heraldo46', '098ec1b240877f3ebd81e6956075f9c2', 'heraldogcabrera@hotmail.com', 0, NULL, '2017-08-11 01:32:01', '2017-08-11 01:32:01', NULL, NULL, NULL, NULL, NULL, NULL, 0, 1, 1),
(77, 92, 0, 0, 0, 0, 0, '', '', '', '', 'Melani', 'Marquez', '', NULL, '', '', 'Melmarquez', 'b3cfe5efa8600acc6cc1fe7f93a2ef03', 'jetmelani21@hotmail.com', 0, NULL, '2017-08-11 01:33:09', '2017-08-11 01:33:09', NULL, NULL, NULL, NULL, NULL, NULL, 0, 1, 1),
(78, 93, 0, 0, 0, 0, 0, '', '', '', '', 'Antonella', 'Somma', '', NULL, '', '', 'Anto.Somma', 'd33740ed69e0d0fb27fc22012f2fbf47', 'anto.somma78@gmail.com', 1, NULL, '2017-08-11 01:42:42', '2017-08-11 01:42:42', NULL, NULL, NULL, NULL, NULL, NULL, 0, 0, 1),
(79, 94, 0, 0, 0, 0, 0, '', '', '', '', 'Emilse Natalia', 'Rodríguez Fernández ', '', NULL, '', '', 'Vladamy', 'b7f6593421d9f21bdd5caef01b24f5c8', 'tyaraxxi@hotmail.com', 1, NULL, '2017-08-11 01:45:05', '2017-08-11 01:45:05', NULL, NULL, NULL, NULL, NULL, NULL, 0, 0, 1),
(80, 95, 0, 0, 0, 0, 0, '', '', '', '', 'Joel Ernesto', 'Rodriguez', '', NULL, '', '', 'Joejoe22', 'a0e7e0310bff630bf20ee5f320f190c5', 'joejoerodriguez22@gmail.com', 1, NULL, '2017-08-11 01:45:12', '2017-08-11 01:45:12', NULL, NULL, NULL, NULL, NULL, NULL, 0, 1, 1),
(81, 96, 0, 0, 0, 0, 0, '', '', '', '', 'daniel', 'moreno', '', NULL, '', '', 'thebird56', '268a44164897fb1804e0159b6eeb795b', 'thebird56@hotmail.com', 1, NULL, '2017-08-11 01:49:55', '2017-08-11 01:49:55', NULL, NULL, NULL, NULL, NULL, NULL, 0, 0, 1),
(82, 0, 0, 0, 0, 0, 0, '', '', '', '', 'Giuliana Valdez', '', '', NULL, '', '', '', '', 'valdezgiuliana2012@gmail.com', 0, NULL, '2017-08-11 01:51:27', '2017-08-11 01:51:27', NULL, NULL, NULL, NULL, NULL, NULL, NULL, NULL, 1),
(83, 97, 0, 0, 0, 0, 0, '', '', '', '', 'Mayra', 'Fernandez', '', NULL, '', '', 'Mumilulifufi', '0b80bd56e4fc3c86c43cfaf231e5cfc9', 'mumilulifufi94@gmail.com', 1, NULL, '2017-08-11 01:52:54', '2017-08-11 01:52:54', NULL, NULL, NULL, NULL, NULL, NULL, 0, 1, 1),
(84, 0, 0, 0, 0, 0, 0, '', '', '', '', 'Erika Pelarella', '', '', NULL, '', '', '', '', 'akire_otaku@hotmail.com', 0, NULL, '2017-08-11 01:53:27', '2017-08-11 01:53:27', NULL, NULL, NULL, NULL, NULL, NULL, NULL, NULL, 1),
(85, 98, 0, 0, 0, 0, 0, '', '', '', '', 'Micaela Elizabeth', 'Avalos', '', NULL, '', '', 'Mica avalos', '110d43c5a1c3a9f4b8f13055c6d4de83', 'micaavalos.94@gmail.com', 0, NULL, '2017-08-11 01:53:42', '2017-08-11 01:53:42', NULL, NULL, NULL, NULL, NULL, NULL, 0, 0, 1),
(86, 99, 0, 0, 0, 0, 0, '', '', '', '', 'Maximiliano ', 'Acevedo', '', NULL, '', '', 'Maxi45', '53386549cf637cc6dfc37c577ed1fa66', 'acevedo.maximiliano@hotmail.com', 0, NULL, '2017-08-11 01:53:43', '2017-08-11 01:53:43', NULL, NULL, NULL, NULL, NULL, NULL, 0, 1, 1),
(87, 100, 0, 0, 0, 0, 0, '', '', '', '', 'Daniela', 'De La vega', '', NULL, '', '', 'Dlvdani', '1c4a2b9068119b2273ba87843b55ce9e', 'dlvdani34@gmail.com', 1, NULL, '2017-08-11 01:54:40', '2017-08-11 01:54:40', NULL, NULL, NULL, NULL, NULL, NULL, 0, 0, 1),
(88, 101, 0, 0, 0, 0, 0, '', '', '', '', 'Claudia ines', 'Heredia', '', NULL, '', '', 'clau', '4d1824d9342eb5af937e0606a53553aa', 'Herediaclau64@gmail.com', 1, NULL, '2017-08-11 01:56:08', '2017-08-11 01:56:08', NULL, NULL, NULL, NULL, NULL, NULL, 0, 1, 1),
(89, 102, 32, 2, 1, 5, 10, '7', '543', 'Cruz Gorordo 4457 Barrio Las Palmas', '', 'Aldana Berenice', 'Pesotto Castro', '36355758', '1992-05-25', '(035) 153724629', '(0351) 4853016', 'AldanaPesotto', 'bdcedfb2072a865d68db7a5c3861b6e8', 'aldanapesotto@gmail.com', 1, NULL, '2017-08-11 01:57:30', '2017-08-11 02:03:56', NULL, NULL, NULL, NULL, NULL, NULL, 0, 1, 1),
(90, 103, 37, 1, 1, 5, 10, '7', '543', 'Pje antranick 1049', '', 'Ruben Eduardo', 'Romero', '26815002', '1978-08-27', '0351-152906020', '', 'rruben27', 'c09044c399b2ab51be3e0ff6e47b3c8b', 'rruben1978@gmail.com', 1, NULL, '2017-08-11 01:57:52', '2017-08-11 02:57:58', NULL, NULL, NULL, NULL, NULL, NULL, 0, 1, 1),
(91, 104, 0, 0, 0, 0, 0, '', '', '', '', 'Yohana', 'Pereyra', '', NULL, '', '', 'Yohana Anabel', '16205732054302b8fff9475efa3e9f8a', 'y_ohana_pereyra@hotmail.com', 0, NULL, '2017-08-11 01:58:04', '2017-08-11 01:58:04', NULL, NULL, NULL, NULL, NULL, NULL, 0, 1, 1),
(92, 105, 0, 0, 0, 0, 0, '', '', '', '', 'Luciana Belen', 'Casas', '', NULL, '', '', 'Lucha28', 'b57e5ce1e6fc303d3a12887575086307', 'luchii.cba@hotmail.com.ar', 0, NULL, '2017-08-11 02:00:28', '2017-08-11 02:00:28', NULL, NULL, NULL, NULL, NULL, NULL, 0, 0, 1),
(93, 106, 0, 0, 0, 0, 0, '', '', '', '', 'graciela', 'zarate', '', NULL, '', '', 'grace', '6eb67e3155abcb9e647ea2fbb8178386', 'gracielasusanazarate2911@gmail.com', 1, NULL, '2017-08-11 02:00:57', '2017-08-11 02:00:57', NULL, NULL, NULL, NULL, NULL, NULL, 0, 1, 1),
(94, 107, 0, 0, 0, 0, 0, '', '', '', '', 'Noelia Magalí', 'Guzmán', '', NULL, '', '', ' guzmannoelia', 'b4ae871aafbdfc9c4b0af0bac6fd834f', 'guzmanmagui@hotmail.com', 1, NULL, '2017-08-11 02:01:05', '2017-08-11 02:01:05', NULL, NULL, NULL, NULL, NULL, NULL, 0, 0, 1),
(95, 0, 0, 0, 0, 0, 0, '', '', '', '', 'Luciana Casas', '', '', NULL, '', '', '', '', 'luchi_casas_9@hotmail.com', 0, NULL, '2017-08-11 02:01:10', '2017-08-11 02:01:10', NULL, NULL, NULL, NULL, NULL, NULL, NULL, NULL, 1),
(96, 108, 0, 0, 0, 0, 0, '', '', '', '', 'Natalia Soledad', 'Farias ', '', NULL, '', '', 'Naty Farias ', 'c973ce0b415389c3a5efbf6346d074ad', 'natalia3668@hotmail.com', 0, NULL, '2017-08-11 02:02:25', '2017-08-11 02:02:25', NULL, NULL, NULL, NULL, NULL, NULL, 0, 1, 1),
(97, 109, 0, 0, 0, 0, 0, '', '', '', '', 'Noelia de lourdes', 'Cabrera', '', NULL, '', '', 'Noecabrera', '44ab2b67d61af2d61ca68a3cbf1ccab1', 'noeliamorocha47@gmail.com', 0, NULL, '2017-08-11 02:02:35', '2017-08-11 02:02:35', NULL, NULL, NULL, NULL, NULL, NULL, 0, 1, 1),
(98, 110, 0, 2, 5, 5, 10, '7', '495', 'Camino valle buena esperanza s /n', '', 'María del Huerto ', 'Lucero ', '29189182', '1982-02-28', '3547580497', '3547500398', 'María ', 'fcd1b7b90491aa3d448e87b0a589a91f', 'mariadelhuertolucero@gmail.com', 1, NULL, '2017-08-11 02:02:51', '2017-08-11 02:22:07', NULL, NULL, NULL, NULL, NULL, NULL, 0, 1, 1),
(99, 111, 0, 0, 0, 0, 0, '', '', '', '', 'Ana Fernanda', 'Ceballos', '', NULL, '', '', 'Fer Ceballos', 'a63ecf59d225e519d1b405cae31f4bd7', 'ferchuceballos25@gmail.com', 1, NULL, '2017-08-11 02:03:56', '2017-08-11 02:03:56', NULL, NULL, NULL, NULL, NULL, NULL, 0, 1, 1),
(101, 112, 0, 0, 0, 0, 0, '', '', '', '', 'Cecilia', 'Delgado', '', NULL, '', '', 'Cecilia. Delgado. 32', '6686ccbbb6ca3d481e81571657a31555', 'ceci.nd@hotmail.com', 0, NULL, '2017-08-11 02:06:49', '2017-08-11 02:06:49', NULL, NULL, NULL, NULL, NULL, NULL, 0, 0, 1),
(102, 113, 0, 0, 0, 0, 0, '', '', '', '', 'Dalma Nerea', 'Nuñez', '', NULL, '', '', 'Dalma.nuñez', '67ac5ca1ddddf70dce9f85a30bfde76d', 'dalmafeli29@gmail.com', 0, NULL, '2017-08-11 02:07:57', '2017-08-11 02:07:57', NULL, NULL, NULL, NULL, NULL, NULL, 0, 1, 1),
(103, 0, 0, 0, 0, 0, 0, '', '', '', '', 'Dalma Nuñez', '', '', NULL, '', '', '', '', 'undefined', 0, NULL, '2017-08-11 02:08:35', '2017-08-11 02:08:35', NULL, NULL, NULL, NULL, NULL, NULL, NULL, NULL, 1),
(104, 114, 0, 0, 0, 0, 0, '', '', '', '', 'Nadir Celeste', 'Mamani Cuela', '', NULL, '', '', 'Nadir Mamani', 'bed05f5cec48da341f3480b38ea6171f', 'ncmf3@hotmail.com', 1, NULL, '2017-08-11 02:11:05', '2017-08-11 02:11:05', NULL, NULL, NULL, NULL, NULL, NULL, 0, 1, 1),
(105, 115, 0, 0, 0, 0, 0, '', '', '', '', 'Ivanna', 'Ludueña', '', NULL, '', '', 'Ivanna', '3faa19bf12bd3fa5b2c4f6ad418067e1', 'iva_lb06@hotmail.com', 0, NULL, '2017-08-11 02:11:17', '2017-08-11 02:11:17', NULL, NULL, NULL, NULL, NULL, NULL, 0, 1, 1),
(106, 116, 0, 0, 0, 0, 0, '', '', '', '', 'Sofía', 'Castro Mariel', '', NULL, '', '', 'soficm14', '43075eab597eea693238e603d74caaa3', 'soficm14@gmail.com', 1, NULL, '2017-08-11 02:12:38', '2017-08-11 02:12:38', NULL, NULL, NULL, NULL, NULL, NULL, 0, 1, 1),
(107, 117, 0, 2, 2, 5, 10, '7', '543', '6 de agosto 674', '', 'Laura', 'Montoya', '28428771', '1980-11-22', '3515324068', '4704633', 'Lau gloriosa', '43d5d71edc5b12ca0c3f2cc19fa4be6b', 'laumgloriosa@gmail.com', 1, NULL, '2017-08-11 02:13:38', '2017-08-15 03:09:11', NULL, NULL, NULL, NULL, NULL, NULL, 0, 1, 1),
(108, 118, 0, 0, 0, 0, 0, '', '', '', '', 'Mara Helen', 'Trigo', '', NULL, '', '', '36925072', 'fddfc00b4ff04d41e620942e626df6e0', 'trigo_278@hotmail.com', 0, NULL, '2017-08-11 02:13:45', '2017-08-11 02:13:45', NULL, NULL, NULL, NULL, NULL, NULL, 0, 1, 1),
(109, 119, 0, 2, 3, 5, 10, '7', '543', 'colombres  2739 dpto 2', '', 'Analía Florencia', 'Alaniz  Salinas', '34988058', '1990-01-02', '153115474', '155314963', 'Anaalaniz', '98ac996e228a6f3a1a5b01d0d25f6441', 'anaalaniz26@gmail.com', 1, NULL, '2017-08-11 02:15:42', '2017-08-11 02:31:58', NULL, NULL, NULL, NULL, NULL, NULL, 0, 1, 1),
(110, 120, 0, 2, 1, 5, 10, '7', '543', 'José María La Hora 1974', '', 'Gisela ', 'Teves ', '32204639', '1986-04-07', '3512757323', '3517123789', 'GiiTeves', 'a8648f20c836ae82879b08d23429505b', 'magaligise42@gmail.com', 1, NULL, '2017-08-11 02:16:04', '2017-08-11 02:21:49', NULL, NULL, NULL, NULL, NULL, NULL, 0, 1, 1),
(112, 122, 0, 1, 1, 5, 10, '7', '543', '27 de abril 878 4 c ', '', 'maximiliano', 'ermoli', '37114909', '1993-12-31', '3512380021', '', 'maxiermoli', '57f3611af22b540bd41e16f9e4bd8983', 'maxiermoli@gmail.com', 1, NULL, '2017-08-11 02:16:31', '2017-08-11 02:18:23', NULL, NULL, NULL, NULL, NULL, NULL, 0, 0, 1),
(113, 123, 0, 0, 0, 0, 0, '', '', '', '', 'Jorge Humberto', 'Parco Parisi', '', NULL, '', '', 'Jorge', 'b0b80b896f2f491600a61d8c561b5211', 'jhpparisi@hotmail.com', 1, NULL, '2017-08-11 02:17:14', '2017-08-11 02:17:14', NULL, NULL, NULL, NULL, NULL, NULL, 0, 0, 1),
(114, 124, 0, 0, 0, 0, 0, '', '', '', '', 'carolina', 'toledo', '', NULL, '', '', 'carolinatoledo', '0b515294ee993209c577eb1a4eeff902', 'toledocarolina402@gmail.com', 1, NULL, '2017-08-11 02:17:57', '2017-08-11 02:17:57', NULL, NULL, NULL, NULL, NULL, NULL, 0, 1, 1),
(115, 0, 0, 0, 0, 0, 0, '', '', '', '', 'Mayra Godoy', '', '', NULL, '', '', '', '', 'mayra_godoy_93@hotmail.com', 0, NULL, '2017-08-11 02:18:14', '2017-08-11 02:18:14', NULL, NULL, NULL, NULL, NULL, NULL, NULL, NULL, 1),
(116, 125, 35, 2, 5, 5, 10, '7', '543', 'Dr. Miguel Urrutia', '', 'Cintia Stefania', 'Aguilar', '36430135', '1992-09-07', '3512610543', '', 'tefiaguilar', 'bc8658eee1ff73e8dbef33df2bacb31e', 'tefi.aguilar@hotmail.com.ar', 1, NULL, '2017-08-11 02:19:14', '2017-08-11 02:25:29', NULL, NULL, NULL, NULL, NULL, NULL, 0, 0, 1),
(117, 126, 0, 0, 0, 0, 0, '', '', '', '', 'Daiana', 'Bosetti', '', NULL, '', '', 'Daiana', '21a790e873c33e4cf5cf86b29062efb3', 'daianadeb@gmail.com', 1, NULL, '2017-08-11 02:19:25', '2017-08-11 02:19:25', NULL, NULL, NULL, NULL, NULL, NULL, 0, 1, 1),
(118, 127, 0, 0, 0, 0, 0, '', '', '', '', 'Valeria Elizabeth', 'Molina', '', NULL, '', '', 'valemolina', '728b257db806281d137ca07d18858c56', 'molina_valeria08@hotmail.com', 0, NULL, '2017-08-11 02:19:44', '2017-08-11 02:19:44', NULL, NULL, NULL, NULL, NULL, NULL, 0, 1, 1),
(119, 128, 40, 1, 1, 5, 10, '7', '543', 'José Matías Zapiola 69 - Barrio San Martín', '', 'Marcos Emanuel', 'Quevedo', '34455756', '1989-06-23', '3517457757', '3517457757', 'Marcos123', '07e57d90cc0ebb06cb478080382aa7c0', 'marcosemanuelquevedo@gmail.com', 1, NULL, '2017-08-11 02:19:47', '2017-08-13 04:45:50', NULL, NULL, NULL, NULL, NULL, NULL, 0, 1, 1),
(120, 129, 0, 0, 0, 0, 0, '', '', '', '', 'SILVIA', 'MENGO', '', NULL, '', '', 'SILVIAMENGO', 'c56ad8d7b0889b11c8317a3ebcb15818', 'nelsi4657@hotmail.com', 1, NULL, '2017-08-11 02:20:56', '2017-08-11 02:20:56', NULL, NULL, NULL, NULL, NULL, NULL, 0, 1, 1),
(121, 130, 33, 2, 1, 5, 10, '7', '543', 'centro', '', 'juliana', 'imhoff', '779', '1979-01-17', '351155918735', '', 'julianaimhoff', 'bb54e8d1604178e8a298bf2bb3cdda17', 'imhoffjuli@hotmail.com', 1, NULL, '2017-08-11 02:21:08', '2017-08-11 02:27:49', NULL, NULL, NULL, NULL, NULL, NULL, 0, 1, 2),
(122, 131, 0, 0, 0, 0, 0, '', '', '', '', 'Rocío', 'Urain', '', NULL, '', '', 'ro.urain', 'efe18f7f3483c4fca17b0e600615aff9', 'ro_urain008@hotmail.com', 1, NULL, '2017-08-11 02:22:36', '2017-08-11 02:22:36', NULL, NULL, NULL, NULL, NULL, NULL, 0, 0, 1),
(123, 132, 0, 0, 0, 0, 0, '', '', '', '', 'Daniela Elizabeth', 'Ruiz', '', NULL, '', '', 'Daniela ruiz', '6b93f37511fb409d4fc6a9bc2fb141ac', 'ruizdaniela_19_mtl@hotmail.com', 0, NULL, '2017-08-11 02:24:30', '2017-08-11 02:24:30', NULL, NULL, NULL, NULL, NULL, NULL, 0, 1, 1),
(124, 133, 0, 0, 0, 0, 0, '', '', '', '', 'Ana Sofia Alicia ', 'Chavez ', '', NULL, '', '', 'Sofi Chavez', 'f2fa33c89072434b9f89a872cd4ab2ca', 'sofichavez30@gmail.com', 1, NULL, '2017-08-11 02:24:40', '2017-08-11 02:24:40', NULL, NULL, NULL, NULL, NULL, NULL, 0, 0, 1),
(125, 134, 0, 0, 0, 0, 0, '', '', '', '', 'Kareline', 'Fernández Barrios', '', NULL, '', '', 'kfernandez', '0e39958ae5c76dabd274ac4f2987416f', 'kare.fernandez@gmail.com', 0, NULL, '2017-08-11 02:25:42', '2017-08-11 02:25:42', NULL, NULL, NULL, NULL, NULL, NULL, 0, 0, 1),
(126, 135, 0, 0, 0, 0, 0, '', '', '', '', 'Maria celeste', 'Lopez', '', NULL, '', '', 'Celelop', 'fe669f0bf042258477243e7d9ecae1ab', 'celestelopez283@gmail.com', 1, NULL, '2017-08-11 02:26:47', '2017-08-11 02:26:47', NULL, NULL, NULL, NULL, NULL, NULL, 0, 1, 1),
(127, 136, 0, 0, 0, 0, 0, '', '', '', '', 'Kareline', 'Fernández Barrios', '', NULL, '', '', 'kfernandez', '0e39958ae5c76dabd274ac4f2987416f', 'kare.fernandezb@gmail.com', 1, NULL, '2017-08-11 02:30:23', '2017-08-11 02:30:23', NULL, NULL, NULL, NULL, NULL, NULL, 0, 0, 1),
(128, 137, 0, 0, 0, 0, 0, '', '', '', '', 'sandra monica', 'quiroga', '', NULL, '', '', 'sandrade1032@gmail.com', '4e3d88257bc72715d412315f943519d6', 'sandrade1032@gmail.com', 1, NULL, '2017-08-11 02:31:09', '2017-08-11 02:31:09', NULL, NULL, NULL, NULL, NULL, NULL, 0, 0, 1),
(129, 138, 0, 0, 0, 0, 0, '', '', '', '', 'Maria', 'Medina Orellano', '', NULL, '', '', 'MaryMedina', '77a5c2425984d6838551390f3908c68c', 'maryy-medina@hotmail.com', 0, NULL, '2017-08-11 02:36:15', '2017-08-11 02:36:15', NULL, NULL, NULL, NULL, NULL, NULL, 0, 1, 1),
(130, 139, 0, 0, 0, 0, 0, '', '', '', '', 'Florencia ', 'novillo', '', NULL, '', '', 'flornovillo99', '09612a3faeba1e66053298030687258c', 'rocionovillo1@gmail.com', 1, NULL, '2017-08-11 02:38:02', '2017-08-11 02:38:02', NULL, NULL, NULL, NULL, NULL, NULL, 0, 0, 1),
(131, 140, 0, 0, 0, 0, 0, '', '', '', '', 'Florencia', 'García', '', NULL, '', '', 'Floor', '424dad93b4a49400b15b10fc89b9b6f5', 'florcba20@hotmail.com', 0, NULL, '2017-08-11 02:38:42', '2017-08-11 02:38:42', NULL, NULL, NULL, NULL, NULL, NULL, 0, 1, 1),
(132, 141, 0, 0, 0, 0, 0, '', '', '', '', 'Nuria Eugenia', 'Grillo', '', NULL, '', '', 'Nuriagrillo ', '537581dffd11a645d09adfe79951f4e4', 'nanu_grillo@hotmail.com', 1, NULL, '2017-08-11 02:39:06', '2017-08-11 02:39:06', NULL, NULL, NULL, NULL, NULL, NULL, 0, 0, 1),
(133, 142, 0, 0, 0, 0, 0, '', '', '', '', 'Marina Magdalena', 'Zalazar', '', NULL, '', '', 'MaryZalazar', '5cd7c4fb7a559acdf5e9b8bd9265cbff', 'marytotizala@gmail.com', 1, NULL, '2017-08-11 02:40:43', '2017-08-11 02:40:43', NULL, NULL, NULL, NULL, NULL, NULL, 0, 1, 1),
(134, 143, 0, 0, 0, 0, 0, '', '', '', '', 'Beatriz', 'Álvarez', '', NULL, '', '', 'Beatriz', '7a7b3c4d939f363f531ec9c92f3c477d', 'beatriz_.alvarez@hotmail.com', 0, NULL, '2017-08-11 02:42:35', '2017-08-11 02:42:35', NULL, NULL, NULL, NULL, NULL, NULL, 0, 0, 1),
(135, 144, 0, 0, 0, 0, 0, '', '', '', '', 'Jonathan Ariel', 'Bruzzoni', '', NULL, '', '', 'Johnny', '7d1981d7d28d875724aede61bcb5af90', 'joni_809@hotmail.com', 0, NULL, '2017-08-11 02:47:01', '2017-08-11 02:47:01', NULL, NULL, NULL, NULL, NULL, NULL, 0, 1, 1),
(136, 145, 0, 0, 0, 0, 0, '', '', '', '', 'Lucas ezequiel', 'Loyola', '', NULL, '', '', 'Lucasloyola17', 'faa38e0efe11bbe0f3605a23bf5de013', 'maytesuarez26@gmail.com', 1, NULL, '2017-08-11 02:51:25', '2017-08-11 02:51:25', NULL, NULL, NULL, NULL, NULL, NULL, 0, 1, 1),
(137, 146, 0, 0, 0, 0, 0, '', '', '', '', 'Germán Damián', 'Sánchez', '', NULL, '', '', 'damiansn', 'ecee4bb1a84b3e572d6149ca102af44d', 'damiansn@outlook.com', 1, NULL, '2017-08-11 02:51:54', '2017-08-11 02:51:54', NULL, NULL, NULL, NULL, NULL, NULL, 0, 0, 1),
(138, 147, 0, 0, 0, 0, 0, '', '', '', '', 'Mercedes', 'Bertinotti', '', NULL, '', '', 'MercedesBertinotti', '6352cce27f52cf0f723efc06939f0af8', 'bertinotti.mercedes75@gmail.com', 1, NULL, '2017-08-11 02:52:26', '2017-08-11 02:52:26', NULL, NULL, NULL, NULL, NULL, NULL, 0, 1, 1),
(139, 148, 0, 0, 0, 0, 0, '', '', '', '', 'Karen Magali', 'Cuello', '', NULL, '', '', 'Magalicuello', 'e3f21fa7f55ddbfcfb7c439697720198', 'Magalicuello17@live.com', 0, NULL, '2017-08-11 02:53:33', '2017-08-11 02:53:33', NULL, NULL, NULL, NULL, NULL, NULL, 0, 0, 1),
(140, 149, 0, 2, 5, 5, 10, '7', '543', 'San Marino 4771', '', 'Martha Isabel', 'Callejo', '38250952', '1994-12-13', '3517319128', '3517714188', 'marthaisabel', 'e4c0be4a0fd37a01f07b8445c621bc07', 'marthaisabelcallejo@gmail.com', 1, NULL, '2017-08-11 03:00:31', '2017-08-11 03:04:00', NULL, NULL, NULL, NULL, NULL, NULL, 0, 0, 1),
(141, 150, 36, 2, 5, 5, 10, '7', '543', 'Quinchan', '', 'Victoria', 'Levi', '35573606', '1990-11-06', '3516329537', '3514853982', 'Vicklevi90', 'e8722c47cc84b290c82432abff284c30', 'vicklevi90@gmail.com', 1, NULL, '2017-08-11 03:02:48', '2017-08-11 03:14:47', NULL, NULL, NULL, NULL, NULL, NULL, 0, 0, 1),
(142, 151, 0, 1, 1, 5, 238, '7', '543', 'Caseros', '', 'Gabriel Andres ', 'Salamanca ', '95643621', '1994-07-18', '3517878819', '3517878847', 'Gssalamanca', '6a3eb617d3771b0ea8e41906a4d3918f', 'gabrielandresalamanca@gmail.com', 1, NULL, '2017-08-11 03:05:17', '2017-08-11 03:16:03', NULL, NULL, NULL, NULL, NULL, NULL, 0, 0, 1),
(143, 0, 0, 0, 0, 0, 0, '', '', '', '', 'Pato Spanos', '', '', NULL, '', '', '', '', 'patriciaspanos@gmail.com', 0, NULL, '2017-08-11 03:11:27', '2017-08-11 03:11:27', NULL, NULL, NULL, NULL, NULL, NULL, NULL, NULL, 1),
(144, 152, 0, 0, 0, 0, 0, '', '', '', '', 'Pablo augusto', 'Fernandez', '', NULL, '', '', 'Polteo78', '97d3a98cd242b0002aff00d0a04fdb08', 'pabloaugustof@yahoo.com.ar', 0, NULL, '2017-08-11 03:11:38', '2017-08-11 03:11:38', NULL, NULL, NULL, NULL, NULL, NULL, 0, 1, 1),
(145, 153, 0, 0, 0, 0, 0, '', '', '', '', 'Iris', 'Riporti', '', NULL, '', '', 'Iris Riporti', 'dde97f89de0d03e3a1ff3ae89d9a82c5', 'irisriporti26@gmail.com', 1, NULL, '2017-08-11 03:13:03', '2017-08-11 03:13:03', NULL, NULL, NULL, NULL, NULL, NULL, 0, 1, 1),
(146, 154, 0, 0, 0, 0, 0, '', '', '', '', 'María Belén', 'caudet', '', NULL, '', '', 'Belencaudet', 'a8b1634078d98dcaf09a09c3858b0f92', 'belencaudet@hotmail.com', 0, NULL, '2017-08-11 03:15:05', '2017-08-11 03:15:05', NULL, NULL, NULL, NULL, NULL, NULL, 0, 1, 1),
(147, 155, 0, 0, 0, 0, 0, '', '', '', '', 'Rocio Anabel', 'Gianfrini Loyola', '', NULL, '', '', 'Ro170', '69860d5935c6d0ea3ce1044ed4fb7239', 'rociogianfrini@gmail.com', 1, NULL, '2017-08-11 03:17:42', '2017-08-11 03:17:42', NULL, NULL, NULL, NULL, NULL, NULL, 0, 1, 1),
(148, 156, 0, 2, 1, 5, 10, '7', '543', 'Ricardo Lopez Cabrera 2900', '', 'Shirley vanesa', 'Medina', '36145075', '1991-11-28', '0351-156211913', '0351-4640137', 'Shirmedina', '91763097a4a6ba0eccf6ca0a6765f6e3', 'shirmedina2015@hotmail.com', 1, NULL, '2017-08-11 03:17:53', '2017-08-11 07:06:30', NULL, NULL, NULL, NULL, NULL, NULL, 0, 0, 1),
(149, 157, 0, 2, 2, 5, 10, '7', '543', 'Correa de Saa 2557', '', 'cecilia', 'sarmiento', '29477370', '1982-06-14', '0351-158188682', '', 'chechu1406', '405686933615f6c1bde0cb0f3d0e7454', 'chechu1406@gmail.com', 1, NULL, '2017-08-11 03:23:06', '2017-08-11 10:39:50', NULL, NULL, NULL, NULL, NULL, NULL, 0, 1, 1),
(150, 158, 0, 0, 0, 0, 0, '', '', '', '', 'Romina Paola Mabel', 'Gonzalez Vilche', '', NULL, '', '', 'Rominita', '4af5263ccb2357460ffdf22a2b9bc3b2', 'rominagonzalezvilche@gmail.com', 1, NULL, '2017-08-11 03:25:49', '2017-08-11 03:25:49', NULL, NULL, NULL, NULL, NULL, NULL, 0, 1, 1),
(151, 159, 0, 0, 0, 0, 0, '', '', '', '', 'Romina', 'Torres', '', NULL, '', '', 'Romi', 'e1d1ab32d6db3725c102c5d3fc9adf6c', 'torresromina.2017@gmail.com', 1, NULL, '2017-08-11 03:27:32', '2017-08-11 03:27:32', NULL, NULL, NULL, NULL, NULL, NULL, 0, 1, 1),
(152, 160, 0, 0, 0, 0, 0, '', '', '', '', 'Paola alejandra', 'Fernandez', '', NULL, '', '', 'Paola512', 'c355d01bded221d35aaf2891fb582a46', 'pellegrino99@hotmail.com', 0, NULL, '2017-08-11 03:28:02', '2017-08-11 03:28:02', NULL, NULL, NULL, NULL, NULL, NULL, 0, 1, 1),
(153, 161, 0, 0, 0, 0, 0, '', '', '', '', 'Jesica ', 'Andrada ', '', NULL, '', '', 'Jesiz', 'ea70fe13ce71a48c91e0566377f54120', 'jesizoe12@gmail.com', 1, NULL, '2017-08-11 03:49:52', '2017-08-11 03:49:52', NULL, NULL, NULL, NULL, NULL, NULL, 0, 1, 1),
(154, 162, 0, 0, 0, 0, 0, '', '', '', '', 'Adriana Marcela', 'Alonso', '', NULL, '', '', 'Adrianamarcelaalonso', '9e3475acc07466a6e6ea1529699686e4', 'adrianamarcelaalonso@gmail.com', 1, NULL, '2017-08-11 03:50:33', '2017-08-11 03:50:33', NULL, NULL, NULL, NULL, NULL, NULL, 0, 1, 1),
(155, 163, 0, 0, 0, 0, 0, '', '', '', '', 'Gisel', 'Pineda', '', NULL, '', '', 'Gisel pineda', 'bd572a559db2016c100505043f6cc884', 'giselpineda@gmail.com', 0, NULL, '2017-08-11 03:54:13', '2017-08-11 03:54:13', NULL, NULL, NULL, NULL, NULL, NULL, 0, 0, 1),
(156, 164, 0, 0, 0, 0, 0, '', '', '', '', 'Jesus', 'Guananjay', '', NULL, '', '', 'Jedus1522', '4a2aea5b63a7280cc39769565beaedce', 'jesusguananjay@gmail.com', 1, NULL, '2017-08-11 03:56:12', '2017-08-11 03:56:12', NULL, NULL, NULL, NULL, NULL, NULL, 0, 1, 1),
(157, 165, 0, 0, 0, 0, 0, '', '', '', '', 'Mariana Emilse', 'Fresoli', '', NULL, '', '', 'Mariana', 'eaa3c04a0d48403fca1948a5b8dd225d', 'emil_mef@hotmail.com', 0, NULL, '2017-08-11 04:02:11', '2017-08-11 04:02:11', NULL, NULL, NULL, NULL, NULL, NULL, 0, 1, 1),
(158, 166, 0, 0, 0, 0, 0, '', '', '', '', 'Betiana Mildred', 'Córdoba', '', NULL, '', '', 'Betiana', 'e10adc3949ba59abbe56e057f20f883e', 'betianacba07@gmail.com', 1, NULL, '2017-08-11 04:02:15', '2017-08-11 04:02:15', NULL, NULL, NULL, NULL, NULL, NULL, 0, 0, 1),
(159, 167, 0, 0, 0, 0, 0, '', '', '', '', 'Leonor', 'Sappia', '', NULL, '', '', 'leonorsappia', 'ff83d4eaf7dbed7e88373a682bd2b5a9', 'leonorsappia@gmail.com', 1, NULL, '2017-08-11 04:03:10', '2017-08-11 04:03:10', NULL, NULL, NULL, NULL, NULL, NULL, 0, 0, 1),
(160, 168, 0, 0, 0, 0, 0, '', '', '', '', 'Julieta Analia', 'Busto Oliva', '', NULL, '', '', 'Julietabusto', '94f0aaf002d9b2d141b0de6186718bf8', 'julietabusto457@hotmail.com', 0, NULL, '2017-08-11 04:06:20', '2017-08-11 04:06:20', NULL, NULL, NULL, NULL, NULL, NULL, 0, 1, 1),
(161, 169, 0, 0, 0, 0, 0, '', '', '', '', 'Silvia Liliana ', 'Páez ', '', NULL, '', '', 'Silvia', '5bcaf797fe8664d1784bf818ef96b049', 'silvialilianapaez@gmail.com', 1, NULL, '2017-08-11 04:07:50', '2017-08-11 04:07:50', NULL, NULL, NULL, NULL, NULL, NULL, 0, 0, 1),
(162, 170, 0, 0, 0, 0, 0, '', '', '', '', 'Gisel', 'Pineda', '', NULL, '', '', 'Gisel pineda', 'bd572a559db2016c100505043f6cc884', 'giselpineda1@gmail.com', 1, NULL, '2017-08-11 04:07:55', '2017-08-11 04:07:55', NULL, NULL, NULL, NULL, NULL, NULL, 0, 0, 1),
(163, 171, 0, 0, 0, 0, 0, '', '', '', '', 'Ariel', 'Bustos', '', NULL, '', '', 'Ariel.Bustos', '200e3e1c9ac35e445bbf5178f6b91869', 'arielrbustos@gmail.com', 1, NULL, '2017-08-11 04:12:34', '2017-08-11 04:12:34', NULL, NULL, NULL, NULL, NULL, NULL, 0, 0, 1),
(164, 172, 0, 0, 0, 0, 0, '', '', '', '', 'Carolina Isabel', 'Pereyra', '', NULL, '', '', 'Carolina', '331cf6cb6a2a8b5aa6ae106c628938f4', 'carolinaisabel_pereyra@yahoo.com.ar', 0, NULL, '2017-08-11 04:13:05', '2017-08-11 04:13:05', NULL, NULL, NULL, NULL, NULL, NULL, 0, 1, 1),
(165, 173, 0, 0, 0, 0, 0, '', '', '', '', 'Maricel Marina', 'Bejarano Ruiz', '', NULL, '', '', 'maricel.bejarano', '9ef04b97a8d1f4fa6ee8c352297f995c', 'maricel.bejarano@gmail.com', 1, NULL, '2017-08-11 04:20:33', '2017-08-11 04:20:33', NULL, NULL, NULL, NULL, NULL, NULL, 0, 1, 1),
(167, 175, 0, 0, 0, 0, 0, '', '', '', '', 'dana', 'rol', '', NULL, '', '', 'danarol', '242ac92bff7cc0bf1f52de2f254b27a8', 'danaroldan@yahoo.com.ar', 1, NULL, '2017-08-11 04:24:29', '2017-08-11 04:24:29', NULL, NULL, NULL, NULL, NULL, NULL, 0, 1, 1),
(168, 176, 0, 0, 0, 0, 0, '', '', '', '', 'Iris', 'Amezaga', '', NULL, '', '', 'irisamezaga@hotmail.com', '74aa68ce03b4feb12a6293e69fd00322', 'irisamezaga@hotmail.com', 0, '1502482111', '2017-08-11 04:26:18', '2017-08-11 04:26:18', NULL, NULL, NULL, NULL, NULL, NULL, 0, 0, 1),
(169, 178, 0, 0, 0, 0, 0, '', '', '', '', 'Maria Laura', 'Monserrat', '', NULL, '', '', 'Lau ', '59b9c5f61833054a38b10d8451bb60df', 'laumonse28@gmail.com', 1, NULL, '2017-08-11 04:27:58', '2017-08-11 04:27:58', NULL, NULL, NULL, NULL, NULL, NULL, 0, 1, 1),
(170, 179, 0, 0, 0, 0, 0, '', '', '', '', 'Franco emanuel', 'Heredia', '', NULL, '', '', 'Franco heredia', '180f6ba7148884a7aeb62f58a6879e49', 'franco21heredia@gmail.com', 1, NULL, '2017-08-11 04:29:32', '2017-08-11 04:29:32', NULL, NULL, NULL, NULL, NULL, NULL, 0, 1, 1),
(171, 180, 0, 0, 0, 0, 0, '', '', '', '', 'Sheily', 'Jimenez ', '', NULL, '', '', 'Shey', '4f817633cf603c7a2994541159b55acb', 'sheily3026@hotmail.com', 0, NULL, '2017-08-11 04:29:58', '2017-08-11 04:29:58', NULL, NULL, NULL, NULL, NULL, NULL, 0, 0, 1),
(172, 181, 0, 2, 1, 5, 10, '7', '543', 'Boulevard Ilia', '', 'Marianela', 'Arregui', '37525513', '1994-01-18', '3463406712', '', 'Mariarregui', '7a75c111641835e5366a9248a07878a3', 'nelarregui@live.com', 1, NULL, '2017-08-11 04:35:02', '2017-08-11 04:37:59', NULL, NULL, NULL, NULL, NULL, NULL, 0, 0, 1),
(173, 182, 0, 0, 0, 0, 0, '', '', '', '', 'Antonio', 'Baldessari', '', NULL, '', '', 'tonybalde', '4ff8ebc5c6536f80d98d218e5332dadf', 'tonybalde@hotmail.com', 1, NULL, '2017-08-11 04:44:58', '2017-08-11 04:44:58', NULL, NULL, NULL, NULL, NULL, NULL, 0, 0, 1),
(174, 0, 0, 0, 0, 0, 0, '', '', '', '', 'Eve Cadima', '', '', NULL, '', '', '', '', 'evelin_cadima91@hotmail.com', 0, NULL, '2017-08-11 04:45:09', '2017-08-11 04:45:09', NULL, NULL, NULL, NULL, NULL, NULL, NULL, NULL, 1),
(175, 183, 0, 2, 5, 5, 10, '7', '543', 'Tunuyaan', '', 'Sarai Eloísa', 'Yabale', '36372984', '1991-07-26', '3516144173', '4940632', 'Yabalesarai', '7fe6047156024d6e07b1c69ac8a4bae8', 'yabale_sarai@hotmail.com', 1, '1502482115', '2017-08-11 04:48:38', '2017-08-11 05:49:01', NULL, NULL, NULL, NULL, NULL, NULL, 0, 0, 1),
(176, 184, 0, 0, 0, 0, 0, '', '', '', '', 'Ana Carolina', 'Forchino', '', NULL, '', '', 'cforchino', '0502842233fdcdd269a00e6afecddfd4', 'cforchino_89@hotmail.com', 0, NULL, '2017-08-11 04:50:29', '2017-08-11 04:50:29', NULL, NULL, NULL, NULL, NULL, NULL, 0, 1, 1),
(177, 185, 39, 2, 1, 5, 10, '7', '543', 'M. M. B. Postorino 3125 B° Villa Corina', '', 'María Florencia', 'Avendaño', '39623547', '1996-06-07', '3515316753', '4787943', 'Flor_a96', 'b1f30749a011894866322d5295efabed', 'floravendano96@gmail.com', 1, NULL, '2017-08-11 04:53:46', '2017-08-11 05:00:39', NULL, NULL, NULL, NULL, NULL, NULL, 0, 1, 1),
(178, 186, 0, 0, 0, 0, 0, '', '', '', '', 'Mercedes', 'Lodi', '', NULL, '', '', 'Merchus', 'c1d6e58f64f34a70e7707a438b65b309', 'flaksokol@gmail.com', 0, NULL, '2017-08-11 04:56:17', '2017-08-11 04:56:17', NULL, NULL, NULL, NULL, NULL, NULL, 0, 0, 1),
(179, 187, 0, 0, 0, 0, 0, '', '', '', '', 'Valeria', 'Valdivia', '', NULL, '', '', 'valeriavaldivia', 'dfbd144373bd7c4036226ac3e31673a0', 'valeriavaldivia@outlook.com', 0, '1502561292', '2017-08-12 12:49:01', '2017-08-12 12:49:01', NULL, NULL, NULL, NULL, NULL, NULL, 0, 0, 1),
(180, 188, 0, 0, 0, 0, 0, '', '', '', '', 'Sabrina Belen', 'Aciar', '', NULL, '', '', 'sabaciar', '1501cdb1efdfcece801ca88ce96d6a84', 'belenaciar@gmail.com', 1, NULL, '2017-08-12 10:44:39', '2017-08-12 10:44:39', NULL, NULL, NULL, NULL, NULL, NULL, 0, 0, 1),
(181, 189, 0, 0, 0, 0, 0, '', '', '', '', 'Anabel Emilse', 'Alegre', '', NULL, '', '', 'Emilse', 'cf615bdb8081d955cd3bb0529dddf402', 'anabelalegre@hotmail.com', 0, NULL, '2017-08-12 10:45:07', '2017-08-12 10:45:07', NULL, NULL, NULL, NULL, NULL, NULL, 0, 1, 1),
(182, 190, 0, 0, 0, 0, 0, '', '', '', '', 'Jenifer Estefania', 'capdevila', '', NULL, '', '', 'jeni1411', '78043afc517c301011672f51d62f11da', 'jenifercapdevila1441@gmail.com', 0, NULL, '2017-08-12 12:49:20', '2017-08-12 12:49:20', NULL, NULL, NULL, NULL, NULL, NULL, 0, 0, 1),
(183, 191, 0, 0, 0, 0, 0, '', '', '', '', 'Leonardo Juan Guillermo', 'Díaz Gambandé', '', NULL, '', '', 'leodiaz', '8145c4b3474343a2c34ed579113b48c5', 'leonardodiaz_1@hotmail.com', 0, NULL, '2017-08-13 03:37:13', '2017-08-13 03:37:13', NULL, NULL, NULL, NULL, NULL, NULL, 0, 1, 1),
(184, 192, 0, 2, 1, 5, 10, '7', '543', 'Paso de Uspallata 532', '', 'Amanda', 'Diaz', '35529476', '1990-09-10', '3513953143', '', 'Gyseky', '8321d8657f8c92f6ac7c5961e1926bb6', 'gyseky@gmail.com', 1, NULL, '2017-08-13 11:15:29', '2017-08-14 11:20:10', NULL, NULL, NULL, NULL, NULL, NULL, 0, 1, 1),
(195, 209, 0, 1, 1, 1, 10, '4', '336', 'Av Milagro Norte. Los Reyes Magos..', '', 'Kendry', 'Ortiz', '23857113', '2017-07-08', '04246319642', '', 'kendryj95', '11d8797066904f2dfeb2b732595461c8', 'kendry_pro_23@hotmail.com', 1, NULL, '2017-08-14 10:13:08', '2017-08-14 03:00:35', NULL, NULL, NULL, NULL, NULL, NULL, 0, 0, 1),
(199, 222, 0, 1, 1, 3, 3, '18', '1688', '333', '', 'daniel', 'm', '33', '1950-02-02', '3333', '', 'daniel', 'c4ca4238a0b923820dcc509a6f75849b', 'jobbersprueba8@gmail.com', 1, NULL, '2017-08-15 03:39:01', '2017-08-15 03:40:15', NULL, NULL, NULL, NULL, NULL, NULL, 0, 0, 1),
(200, 226, 0, 1, 0, 5, 10, '7', '543', 'Dean Funes 2116 2ªb', '', 'Carlos', 'Chavarria', '32240452', '1986-05-11', '0351152396730', '0351157508705', 'carloschavarria09', '2330fef35fe4db8558fca81ed2190d9b', 'carloschavarria09@gmail.com', 1, NULL, '2017-08-15 05:23:16', '2017-08-15 05:41:49', NULL, NULL, NULL, NULL, NULL, NULL, 0, 1, 1);

-- --------------------------------------------------------

--
-- Estructura de tabla para la tabla `trabajadores_areas_sectores`
--

CREATE TABLE IF NOT EXISTS `trabajadores_areas_sectores` (
  `id` int(11) NOT NULL AUTO_INCREMENT,
  `id_publicacion` int(11) DEFAULT NULL,
  `id_sector` int(11) DEFAULT NULL,
  PRIMARY KEY (`id`)
) ENGINE=InnoDB  DEFAULT CHARSET=utf8 AUTO_INCREMENT=13 ;

--
-- Volcado de datos para la tabla `trabajadores_areas_sectores`
--

INSERT INTO `trabajadores_areas_sectores` (`id`, `id_publicacion`, `id_sector`) VALUES
(1, 1, 27),
(2, 2, 26),
(5, 5, 168),
(6, 6, 63),
(8, 8, 83),
(9, 9, 127),
(10, 10, 2),
(11, 11, 9),
(12, 12, 65);

-- --------------------------------------------------------

--
-- Estructura de tabla para la tabla `trabajadores_educacion`
--

CREATE TABLE IF NOT EXISTS `trabajadores_educacion` (
  `id` int(11) NOT NULL AUTO_INCREMENT,
  `id_trabajador` int(11) NOT NULL,
  `id_nivel_estudio` int(11) NOT NULL,
  `titulo` varchar(255) NOT NULL,
  `id_estado_estudio` int(11) NOT NULL,
  `id_area_estudio` int(11) NOT NULL,
  `nombre_institucion` varchar(255) NOT NULL,
  `id_pais` int(11) NOT NULL,
  `mes_inicio` int(11) NOT NULL,
  `ano_inicio` int(11) NOT NULL,
  `mes_finalizacion` int(11) NOT NULL,
  `ano_finalizacion` int(11) NOT NULL,
  `materias_carrera` int(11) NOT NULL,
  `materias_aprobadas` int(11) NOT NULL,
  PRIMARY KEY (`id`)
) ENGINE=InnoDB  DEFAULT CHARSET=utf8 AUTO_INCREMENT=35 ;

--
-- Volcado de datos para la tabla `trabajadores_educacion`
--

INSERT INTO `trabajadores_educacion` (`id`, `id_trabajador`, `id_nivel_estudio`, `titulo`, `id_estado_estudio`, `id_area_estudio`, `nombre_institucion`, `id_pais`, `mes_inicio`, `ano_inicio`, `mes_finalizacion`, `ano_finalizacion`, `materias_carrera`, `materias_aprobadas`) VALUES
(4, 6, 2, '22', 1, 4, '1212', 16, 1, 1950, 1, 1963, 12, 21),
(5, 6, 4, '21212', 1, 4, '2121212', 13, 1, 1950, 1, 1967, 12, 12),
(7, 10, 1, 'bachillers', 1, 18, 'w c morris', 32, 3, 1950, 1, 1969, 0, 0),
(8, 52, 2, 'bachillers', 1, 18, 'wiliams c morris', 6, 1, 1969, 1, 1972, 4, 4),
(9, 53, 1, 'bachiller', 1, 19, 'escolapias', 15, 1, 1950, 1, 1968, 0, 0),
(10, 55, 0, '', 0, 0, '', 0, 0, 0, 0, 0, 0, 0),
(11, 55, 2, 'apm', 1, 36, 'agentes de propaganda medica', 10, 1, 1965, 1, 1979, 11, 7),
(12, 57, 0, '', 0, 0, '', 0, 0, 0, 0, 0, 0, 0),
(13, 57, 1, 'ff', 1, 18, 'fff', 23, 1, 1950, 1, 1969, 0, 0),
(14, 58, 1, 'e', 2, 18, 'w', 10, 1, 1950, 1, 1969, 0, 0),
(15, 89, 2, 'Técnica Superior en Industria Alimentaria', 1, 137, 'Universidad Tecnológica Superior de Córdoba', 10, 3, 2012, 12, 2017, 14, 14),
(16, 110, 1, 'Economía y Gestión de las Organozaciones', 2, 4, 'Instituto Secundario Dr Bernardo Houssay', 10, 3, 1998, 12, 2005, 0, 0),
(17, 116, 3, 'Arquitecta', 1, 7, 'Universidad Nacional de Córdoba - Facultad de Arquitectura, Urbanismo y Diseño Industrial', 10, 2, 2012, 12, 2017, 39, 20),
(18, 116, 1, 'Bachiller en Ciencias Sociales', 2, 59, 'Instituto Manuel Belgrano IPEM N°270', 10, 3, 2005, 12, 2011, 0, 0),
(19, 109, 0, '', 0, 0, '', 0, 0, 0, 0, 0, 0, 0),
(21, 140, 1, 'Economía y Gestión de las Organizaciones', 2, 125, 'Instituto Privado de Enseñanza Quilino', 10, 3, 2007, 12, 2012, 0, 0),
(22, 142, 3, 'Licenciatura en Psicología ', 3, 118, 'Universidad Central de Venezuela ', 238, 3, 2014, 7, 2016, 20, 18),
(23, 177, 3, 'Traductorado Público Nacional de Inglés', 1, 123, 'Facultad de Lenguas UNC', 10, 4, 2015, 10, 2017, 33, 11),
(24, 148, 0, '', 0, 0, '', 0, 0, 0, 0, 0, 0, 0),
(25, 148, 0, '', 0, 0, '', 0, 0, 0, 0, 0, 0, 0),
(26, 148, 0, '', 0, 0, '', 0, 0, 0, 0, 0, 0, 0),
(27, 148, 3, 'CONTADOR PUBLICO', 1, 18, 'FACULTAD DE CIENCIAS ECONOMICAS', 10, 3, 2015, 11, 2016, 48, 8),
(28, 148, 2, 'TECNICO SUPERIOR EN FINANZAS Y MARKETING', 1, 107, 'INSTITUTO SABER', 10, 3, 2015, 11, 2017, 30, 6),
(29, 149, 3, 'Lic en administracion de empresas', 3, 4, 'Universidad Siglo XXI', 10, 4, 2010, 9, 2012, 10, 5),
(30, 119, 1, 'Bachiller', 2, 137, 'Escuela Normal Superior Dr. Agustín Garzón Agulla', 10, 3, 2001, 12, 2006, 0, 0),
(31, 195, 3, 'Ingeniero de Sistemas', 2, 16, 'Universidad Nacional Experimental de la Fuerza Armada', 238, 10, 2011, 11, 2017, 80, 80),
(32, 195, 1, 'Bachiller en Ciencias', 2, 134, 'Alejandro Fuenmayor', 238, 12, 2006, 8, 2011, 0, 0),
(33, 107, 1, 'Bachiller perito mercantil', 2, 125, 'Instituto san ignacio', 10, 2, 2005, 1, 2006, 0, 0),
(34, 200, 2, 'profesorado en Ciencias Económicas y Jurídicas', 3, 24, 'Instituto Superior  “Dr. A. Ortiz y Herrera”', 10, 3, 2012, 12, 2017, 28, 21);

-- --------------------------------------------------------

--
-- Estructura de tabla para la tabla `trabajadores_experiencia_laboral`
--

CREATE TABLE IF NOT EXISTS `trabajadores_experiencia_laboral` (
  `id` int(11) NOT NULL AUTO_INCREMENT,
  `id_trabajador` int(11) NOT NULL,
  `nombre_empresa` varchar(255) NOT NULL,
  `id_pais` int(11) NOT NULL,
  `id_actividad_empresa` int(11) NOT NULL,
  `tipo_puesto` varchar(255) NOT NULL,
  `mes_ingreso` int(11) NOT NULL,
  `ano_ingreso` int(11) NOT NULL,
  `mes_egreso` int(11) NOT NULL,
  `ano_egreso` int(11) NOT NULL,
  `descripcion_tareas` text NOT NULL,
  PRIMARY KEY (`id`)
) ENGINE=InnoDB  DEFAULT CHARSET=utf8 AUTO_INCREMENT=54 ;

--
-- Volcado de datos para la tabla `trabajadores_experiencia_laboral`
--

INSERT INTO `trabajadores_experiencia_laboral` (`id`, `id_trabajador`, `nombre_empresa`, `id_pais`, `id_actividad_empresa`, `tipo_puesto`, `mes_ingreso`, `ano_ingreso`, `mes_egreso`, `ano_egreso`, `descripcion_tareas`) VALUES
(1, 2, 'Grido SA', 10, 47, 'Encargada de turno', 12, 2003, 10, 2005, 'Atención al cliente, cobro y arqueo de caja. Recepción, coordinación con proveedores. Encargada de turno'),
(2, 2, 'Personal', 10, 22, 'Bac Office Adminsitrativo', 1, 2007, 4, 2017, 'Tareas administrativas varias'),
(5, 6, 'prueba empresa', 3, 2, '121212', 1, 1950, 1, 1969, '1212121212'),
(11, 6, '12121', 15, 2, '1212', 1, 1950, 1, 1951, '12121212'),
(13, 6, '121212', 15, 3, '12212', 1, 1950, 1, 1965, '12121212'),
(14, 6, '4444', 1, 9, '44444', 1, 1950, 1, 1968, '4444'),
(15, 6, '666', 11, 4, '666', 1, 1950, 1, 1967, '666'),
(16, 6, '7777', 16, 11, '77', 1, 1950, 1, 1954, '777'),
(19, 10, 'cmq', 3, 17, 'juniors', 1, 1950, 1, 1968, 'sssss'),
(20, 52, 'cmq', 16, 17, 'juniors', 1, 1968, 11, 1971, 'ventas , armado de cajas'),
(21, 53, 'personal', 7, 19, 'senior', 1, 1950, 1, 1969, 'ventas'),
(22, 55, 'allus', 10, 33, ' atencion al cliente', 1, 2015, 1, 2017, 'rep atencion telefonica y ventas '),
(23, 57, 'hhh', 3, 2, 'hhh', 3, 1950, 11, 1967, 'hhhh'),
(24, 65, 'Panther Bar', 10, 46, 'Delivery - Bachero', 6, 2014, 6, 2015, 'Reparto, lavacopas y tareas en gral'),
(25, 89, 'Mapima (indumentaria infantil)', 10, 7, 'Vendedora/Administrativa', 2, 2011, 3, 2013, '-Encargada del local\n-Encargada de la caja\n-Vendedora\n-Tareas administrativas\n-Atención al Cliente\n-Limpieza del local'),
(26, 110, 'Ya si Solutions S.A.', 10, 33, 'Representante  de Atención al Cliente ', 7, 2016, 4, 2017, 'Solución de asistencias '),
(27, 109, 'telemercado', 10, 22, 'operadora ', 6, 2016, 12, 2017, 'efectuar llamadas salientes a clientes bancarios para realizar validacion de datos personales(domicilio telefono y email). tambien se recibian llamadas entrantes. y algunas gestiones  basicas de atencion al cliente '),
(28, 90, 'Market Line', 10, 23, 'Representante at al cliente *611 claro', 3, 2005, 8, 2015, '(2009 a 2015) Área Ajustes Financieros - Soporte Operativo - Gerencia Customer Servicie -\nTarea: Análisis de reclamos de facturación y aplicación de créditos, débitos, devoluciones, transferencias de pagos y demás transacciones afín a la tarea.\n(2005-2009) Ingreso a la Compañía: Atención telefónica Call Center *611. Gerencia: Customer Servicie \n'),
(29, 90, 'Market Line', 10, 23, 'Área Ajustes Financieros - Soporte Operativo - Gerencia Customer Servicie', 3, 2005, 8, 2015, 'Tarea: Análisis de reclamos de facturación y aplicación de créditos, débitos, devoluciones, transferencias de pagos y demás transacciones afín a la tarea.'),
(30, 142, 'Shell El Tropezón ', 10, 46, 'Administrativo ', 12, 2016, 6, 2017, 'Rentabilidad de productos, estadísticas de ventas, arqueo de caja, elaboración de cheques, stock, acuerdos con proveedores.'),
(31, 58, 'CMQ', 10, 6, 'Supervisor', 3, 2007, 5, 2017, 'Supervisor de supermercado'),
(32, 177, 'JC Tapizados', 10, 25, 'Atención al cliente', 3, 2014, 12, 2016, 'Atención de cliente, telefonista y recepción de pedidos.'),
(33, 175, 'Transconst srl', 10, 22, 'Administrativa General', 3, 2011, 4, 2014, 'Atención al público, Contacto con proveedores y clientes, Control de Stock, Presentación de Licitaciones, Cadete, Manejo de Cuenta Corriente, Consultoria, etc. \nSe trataba de una empresa familiar (PyME ) que se dedicaba a producir bienes y servicios para el sector público, específicamente para la Municipalidad de Córdoba. \nEn esta empresa trabajé como voluntaria, y de manera esporádica mientras la empresa mantuvo su producción.'),
(34, 148, 'Estudio Contable Hames-Rivara', 10, 22, 'auxiliar administrativo contable', 3, 2010, 2, 2013, '-	Asistencia en tareas contables.\n-	Registraciones en libros contables (Mayor, Inventario, Diario)\n-	Atención personal y telefónica a clientes.\n-	Partes de tareas y noticias diarias.\n-	Carga de facturación con liquidación de IIBB e IVA.\n-	Gestión de monotributos.\n-	Tramites en entidades públicas y privadas.\n-	Procesamiento de datos y legajos\n'),
(35, 148, 'MAXI KIOSCO', 10, 7, 'Encarga de comercio', 5, 2013, 8, 2017, '\n-	Control de stock y caja.\n-	Atención a clientes y proveedores.\n-	Responsable de pago de impuestos y seguimiento de documentación requerida.\n'),
(36, 148, 'SEGUROS SERRA', 10, 28, 'Administrativa', 8, 2015, 11, 2016, '-	Atención y asesoramiento a clientes.\n-	Recepción de siniestros con seguimiento del mismo.\n-	Gestoría del automotor.\n-	Carga de datos y actualización de base de datos.'),
(37, 149, 'Laboratorio de analisis clinicos', 10, 37, 'secretaria administrativa', 3, 2013, 1, 2015, 'atención al público –asesoramiento a pacientes sobre realización de análisis y cobertura de su obra social -  armado de protocolos y entrega de resultados de análisis clínicos– autorización de ordenes de obras sociales –Cobro de análisis –- facturación a obras sociales- manejo de caja chica – pago en bancos – tramites en gral. entre otros.\n\n\n'),
(38, 119, 'Aegis', 10, 33, 'Empleado', 5, 2011, 7, 2017, 'Operador de Call Center. Atencion al cliente del *611 de la empresa de telefonia Claro Argentina. Operador de Redes Sociales Facebook y Twitter de la cuenta Claro Argentina. Gestión de mails, SMS y chat. Capacitador de Social Media.'),
(39, 195, 'a', 10, 1, 'a', 1, 2014, 1, 2016, 'a'),
(49, 184, 'Bar Amaranto ', 10, 46, 'Moza', 12, 2008, 3, 2010, 'Atención y venta.  Cobro en caja'),
(50, 184, 'La Mandragora Buzios Resort ', 10, 38, 'Telemarketer ', 1, 2010, 7, 2011, 'Tareas de preventa y captación de posibles clientes'),
(51, 184, 'KallNet ', 10, 14, 'Telemarketer ', 9, 2011, 7, 2012, 'Venta de ADSL a España '),
(52, 200, 'Conduent', 10, 33, 'Mora customer', 2, 2009, 8, 2017, 'tarea de atención al cliente y cobranzas de compañía de telefonía celular'),
(53, 200, 'Mastermed', 10, 37, 'Vendedor', 10, 2004, 3, 2006, 'tarea de venta y promoción domiciliaria de servicio odontologico');

-- --------------------------------------------------------

--
-- Estructura de tabla para la tabla `trabajadores_idiomas`
--

CREATE TABLE IF NOT EXISTS `trabajadores_idiomas` (
  `id` int(11) NOT NULL AUTO_INCREMENT,
  `id_trabajador` int(11) NOT NULL,
  `id_idioma` int(11) NOT NULL,
  `nivel_oral` int(11) NOT NULL,
  `nivel_escrito` int(11) NOT NULL,
  PRIMARY KEY (`id`)
) ENGINE=InnoDB  DEFAULT CHARSET=utf8 AUTO_INCREMENT=32 ;

--
-- Volcado de datos para la tabla `trabajadores_idiomas`
--

INSERT INTO `trabajadores_idiomas` (`id`, `id_trabajador`, `id_idioma`, `nivel_oral`, `nivel_escrito`) VALUES
(4, 6, 2, 1, 2),
(5, 6, 5, 1, 1),
(6, 52, 2, 2, 2),
(7, 53, 2, 2, 2),
(8, 55, 6, 1, 1),
(9, 57, 1, 1, 1),
(10, 89, 6, 1, 1),
(11, 89, 6, 1, 1),
(12, 110, 6, 1, 1),
(13, 116, 6, 2, 2),
(14, 109, 6, 1, 2),
(16, 140, 6, 1, 1),
(17, 90, 6, 2, 2),
(18, 142, 4, 4, 4),
(19, 142, 6, 2, 2),
(20, 172, 6, 2, 3),
(21, 177, 4, 4, 4),
(22, 177, 6, 3, 3),
(23, 148, 6, 2, 2),
(24, 149, 6, 2, 2),
(25, 119, 6, 1, 1),
(26, 119, 6, 1, 1),
(27, 195, 6, 1, 2),
(28, 195, 4, 4, 4),
(29, 195, 5, 1, 1),
(30, 195, 1, 1, 1),
(31, 107, 6, 1, 1);

-- --------------------------------------------------------

--
-- Estructura de tabla para la tabla `trabajadores_infextra`
--

CREATE TABLE IF NOT EXISTS `trabajadores_infextra` (
  `id` int(11) NOT NULL AUTO_INCREMENT,
  `id_trabajador` int(11) DEFAULT NULL,
  `remuneracion_pret` float DEFAULT NULL,
  `objetivo_laboral` varchar(100) COLLATE utf8_spanish_ci DEFAULT NULL,
  `carta_present` text COLLATE utf8_spanish_ci,
  PRIMARY KEY (`id`)
) ENGINE=InnoDB  DEFAULT CHARSET=utf8 COLLATE=utf8_spanish_ci COMMENT='Esta tabla contiene la informacion de remuneracion pretendida, objetivo laboral y carta de presentacion' AUTO_INCREMENT=23 ;

--
-- Volcado de datos para la tabla `trabajadores_infextra`
--

INSERT INTO `trabajadores_infextra` (`id`, `id_trabajador`, `remuneracion_pret`, `objetivo_laboral`, `carta_present`) VALUES
(5, 52, 1550, 'Programador ó Analista de Sistemas', 'Desarrollo Web y de Escritorio..'),
(6, 57, 5000, 'desarrollarme como profesional ', 'hola mi nombre es ...........'),
(7, 58, 20000, 'crecer', 'Me destaco por mis habilidades comerciales'),
(8, 116, 8500, 'Cecimiento personal y económico', 'Soy estudiante de Arquitectura y mamá, por lo cual pretendo ser ayuda económica en mi familia mediante mis conocimientos adquiridos y ganas de progresar. \nMi interés por trabajar comienza por querer adquirir experiencia en el mundo laboral, y también para crecer tanto personalmente como económicamente. \nSoy una persona pro activa y emprendedora, aprendo fácilmente distintas tareas, me resalto por ser líder así mismo como ser compañera en grupo. '),
(9, 111, 0, 'Aptitudes: Soy proactivo y de fácil adaptación a la labor en grupo. Me gusta relacionarme con las pe', 'Mi nombre es Lucas Martin Tarchini. Soy de la provincia de Santa Fe y estoy residuiendo Cordoba desde enero de 2016.\nCuento con una vasta experiencia en atencion al cliente y puestos administrativos. '),
(10, 111, 0, 'Aptitudes: Soy proactivo y de fácil adaptación a la labor en grupo. Me gusta relacionarme con las pe', 'Mi nombre es Lucas Martin Tarchini. Soy de la provincia de Santa Fe y estoy residuiendo Cordoba desde enero de 2016.\nCuento con una vasta experiencia en atencion al cliente y puestos administrativos. '),
(11, 140, 9000, 'Incorporarme a una empresa con un perfil joven y dinámico, para así poder aplicar mis conocimientos.', 'Soy responsable, polifuncional, puntual.'),
(12, 90, 12000, 'alcanzar los objetivos solicitados por el empleador y lograr obtencion de un puesto laboral', 'A través de esta breve presentación, me dirijo a ustedes con el objetivo que conozcan mi perfil profesional; ya que me encuentro en la tarea de ampliar mis horizontes laborales y considero que mi formación puede serles de utilidad y tal vez coincidir con los perfiles de capacitación que buscan.'),
(13, 90, 12000, 'alcanzar los objetivos solicitados por el empleador y lograr obtencion de un puesto laboral', 'A través de esta breve presentación, me dirijo a ustedes con el objetivo que conozcan mi perfil profesional; ya que me encuentro en la tarea de ampliar mis horizontes laborales y considero que mi formación puede serles de utilidad y tal vez coincidir con los perfiles de capacitación que buscan.'),
(14, 142, 12000, 'Desarrollarme en el campo de la atención al cliente o ventas', 'Mi nombre es Gabriel Salamanca, tengo 23 años y vengo de Venezuela con toda la convicción y disposición para trabajar dignamente. Tengo ganas de abrirme espacio dentro del mundo laboral argentino y alcanzar estabilidad en mi vida. Poseo conocimiento amplios en softwares como Office, además de conocimiento en oficios manuales.  '),
(15, 0, 14000, 'operador de call center ', ' Estimados Sres/as de Recursos Humanos:  tengo el  agrado de  dirigirme a Uds para hacerles llegar mi curriculum viate  con el objetivop de participar en su busqueda de personal.\nEn relaciona  esto cuento con experiencia en el  puesto, principalmente en el area de recursos humnanos, tengo conocimientos avanzados de informatica( office  redes sociales internet) e ingles basico.\nConsidero que podria integrarme adecuadamente a la organizacion ya que soy una persona proactiva y con capacidad de trabajar   en equipo para alcanzar los objetivos  correspondientes.\nAgradezco su atencion y quedo a la espera de su respuesta. Asi mismo  aprovecho esta oportunidad  para saludarlos coordialmente \n   \n                       '),
(16, 175, 10000, 'Adquirir experiencia laboral y poner en práctica los conocimientos adquiridos', 'Al responsable de Recursos Humanos :\n\nMi nombre es Sarai Yabale, soy estudiante de la Licenciatura en Economía de la U.N.C. Estoy interesada en encontrar un empleo que me permita enriquecer mi experiencia e insertarme en el mercado laboral en sentido amplio, me caracterizo por ser versátil y con capacidad de rápido aprendizaje especialmente en tareas prácticas, poseo amplios conocimientos en manejo de paquete de Office y software estadísticos básicos, además tengo muy buena predisposición para llevar a cabo tareas que requieran contacto directo o indirecto con una o más personas, por ejemplo recepcionista, atención al cliente o  secretaria, etc. ;  Soy una persona muy responsable, comprometida, honesta y con valores muy arraigados. Estoy en busca de un empleo que me permita perfeccionarme y explotar mis habilidades, que me permita crecer y me brinde más y mejores herramientas en el ámbito personal y profesional. Tengo experiencia en trabajos administrativos en general en los que me desempeñe durante el periodo 2011-2014, mis tareas incluyeron seguimiento y control de inicio y cese de las actividades de la empresa TRANSCONST S.R.L., gestión de AFIP, bancos y municipalidades manejo de inventario y tareas contables básicas, búsqueda y contacto de proveedores y clientes potenciales y su correspondiente seguimiento, licitaciones de bienes y servicios en distintas áreas de sector público, manejo de agenda, producción de bienes, etc. Poseo conocimientos básicos en los idiomas inglés, portugués. Tengo movilidad propia y carnet de conducir al día . Es por ello que me siento capacitada para aportar mis habilidades y conocimientos previos en el puesto disponible.\n Dejo a su disposición mi curriculum vitae  y mi número de contacto (0351-156144173) para una entrevista personal. Desde ya agradeciendo por su tiempo. Saludo Atentamente Sarai E. Yabale\n'),
(17, 148, 13000, 'MI OBJETIVO LABORAL ES DESARROLLARME PROFESIONAL Y PERSONALMENTE EN UN AMENO AMBIENTE DE TRABAJO.', 'Estimados:\nSoy shirley Medina posee Habilidades comunicativas y me considero una persona con mucha empatía. Ser Proactiva y responsable son mis motores a la hora de trabajar.\nTengo gran experiencia en Gestión de documentacion y en Atencion al cliente con Capacidad resolutiva.\n\n\n	\n\n\n'),
(18, 149, 10000, 'Aportar conocimentos y experiencia, crecimiento profesional', 'Me llamo Cecilia Sarmiento, tengo 35 años, nativa de la ciudad de Cordoba.- Estoy en búsqueda de trabajo ya que deseo realizarme de manera profesional y personal aportando también mi experiencia laboral a la empresa.- Me gusta trabajar, me gusta sentirme util y poder aportar ideas, experiencias, realizar y concretar proyectos. Soy una persona amable, cordial, muy educada, con valores, responsable y muy dedicada.- Considero que me desenvuelvo bien en gruppos de trabajo y cuando me corresponde realizar una tarea individual me gusta hacerla de manera metódica y ordenada.- Trabajo bien bajo presión y en grupos de trabajo suelo ser la mediadora.- '),
(19, 149, 10000, 'Aportar conocimentos y experiencia, crecimiento profesional', 'Me llamo Cecilia Sarmiento, tengo 35 años, nativa de la ciudad de Cordoba.- Estoy en búsqueda de trabajo ya que deseo realizarme de manera profesional y personal aportando también mi experiencia laboral a la empresa.- Me gusta trabajar, me gusta sentirme util y poder aportar ideas, experiencias, realizar y concretar proyectos. Soy una persona amable, cordial, muy educada, con valores, responsable y muy dedicada.- Considero que me desenvuelvo bien en gruppos de trabajo y cuando me corresponde realizar una tarea individual me gusta hacerla de manera metódica y ordenada.- Trabajo bien bajo presión y en grupos de trabajo suelo ser la mediadora.- '),
(20, 119, 12000, 'Poder progresar en el trabajo para progresar en la vida.', 'Mi nombre es Marcos, tengo 28 años, una hija y vivo con mi novia en un dpto de barrio San Martín. Realicé cursos de operador de PC, Diseño Web, Operador de Call Center y uno de armado y reparación de PC. Empecé a trabajar a los 17 años en un lavadero de autos y en un boliche como rrpp y luego pase a vender ADSL a España mediante el Call Center Ya.com. Luego seguí por Supermercado Disco y Medialunas 707 donde pude obtener la capacidad de negocio y atención al cliente de una manera más directa con los mismos. Mi última actividad laboral fue en el call center Aegis donde trabajaba en atención al cliente de las redes sociales de Claro Argentina durante 6 años, lugar donde pude crecer personal y económicamente a comparación de los trabajos anteriores, para poder darle lo mejor a mi hija día a día.'),
(21, 195, 1200, 'Desarrollador', 'Excelente en todo'),
(22, 107, 5000, 'Crecer como persona y en lo profesional aprender mas cada dia en lo q me gusta y para lo q me prepar', 'Mi nombre es Laura Montoya tengo 36 años casada sin hijos secundario completo cursos realizados y muchas ganas de aprender y crecer en lo q me gusta... voluntad.\n');

-- --------------------------------------------------------

--
-- Estructura de tabla para la tabla `trabajadores_otros_conocimientos`
--

CREATE TABLE IF NOT EXISTS `trabajadores_otros_conocimientos` (
  `id` int(11) NOT NULL AUTO_INCREMENT,
  `id_trabajador` int(11) NOT NULL,
  `nombre` varchar(255) NOT NULL,
  `descripcion` text NOT NULL,
  PRIMARY KEY (`id`)
) ENGINE=InnoDB  DEFAULT CHARSET=utf8 AUTO_INCREMENT=35 ;

--
-- Volcado de datos para la tabla `trabajadores_otros_conocimientos`
--

INSERT INTO `trabajadores_otros_conocimientos` (`id`, `id_trabajador`, `nombre`, `descripcion`) VALUES
(4, 6, '1212', '1212'),
(5, 53, 'makeup', 'maquiiladora profesional'),
(6, 52, 'excel,l', 'ffff'),
(7, 57, '777', '777'),
(8, 110, 'Computacion', 'Operador de PC\nWord \nExcel\nPower Point'),
(9, 116, 'Microsoft Office', 'Excelente manejo del paquete Office'),
(10, 116, 'Adobe Illustrator', 'Excelente manejo'),
(11, 116, 'Adobe Photoshop', 'Manejo básico'),
(12, 116, 'AutoCAD', 'Excelente manejo de dibujo técnico en 2D'),
(13, 116, 'SketchUp', 'Excelente manejo'),
(14, 116, 'CorelDRAW', 'Manejo básico'),
(15, 109, 'informatica', '  paquete office ( word excel power point)\nredes sociales ( facebook, twiter, instagram,etc) internet '),
(18, 140, 'Auxiliar de Farmacia', 'Atención al cliente. Obras sociales. Dispensación'),
(19, 177, 'Mercadotecnia Digital', 'Curso on-line en aprende.org'),
(20, 177, 'Paquete Office', 'Word, Power Point, Outlook, Excel'),
(21, 177, 'Redes Sociales', 'Facebook, Instagram, Twitter.'),
(22, 175, 'Liquidación de Sueldos', 'Liquidación de Sueldos Inicial. Curso acelerado con duración de un mes, dictado por la Lic. Jessica Moreno avalado por la Municipalidad de Córdoba. Finalizado en Julio 2017'),
(23, 175, 'Curso de Primeros Auxilios y RCP', 'Dictado por la Dirección General de Defensa Civil y Emergencia Urbana de la Municipalidad de Córdoba – con 4 hs de duración reloj – finalizado en Diciembre de 2016\n\n'),
(24, 175, 'Secretarios/as', 'Dictado por la Cámara Argentina de Comercio\ncon modalidad e-learning- con una duración de 30 hs – finalizado en Marzo de 2016\n\n'),
(25, 175, 'Operador de Office', 'Dictado por: Centro de Capacitación Laboral y Promoción Social . Bº Ampliación Cabildo - con 125 hs de duración reloj – finalizado en julio del 2014.'),
(26, 175, 'Preceptores y Tutores : definición y redefinición de roles', 'Dictado por Facultad de Psicología - UNC - con 49 hs de duración reloj – finalizado en diciembre del 2012'),
(27, 148, 'EXCEL', 'EXCEL AVANZADO CURSO EN LA SECRETARA DE EXTENSION DE FACULTAD DE CIENCIAS ECONOMICAS DE CORDOBA. MANEJO DE TODAS LAS HERRAMIENTAS Y APLICATIVOS DEL PROGRAMA'),
(28, 148, 'GESTORIA DEL AUTOMOTOR', 'MATRICULA DE GESTORIA DEL AUTOMOTOR, TRAMITES Y GESTIONES REFERIDAS A MOTOVEHICULOS , AUTOMOTORES Y MAQUINAS AGRICOLAS'),
(29, 119, 'Curso Operador de PC.', 'Windows, Word, Access, Excel.'),
(30, 195, 'PHP', 'Lenguaje de Programación'),
(31, 195, 'Yii Framework', 'Es un framework de PHP'),
(32, 107, 'Curso de facturacion medica y obras sociales', 'Facturacion medica ambulatoria, manejo de pmo...'),
(33, 107, 'Auxiliar de farmacia', 'Atencion al cliente en farmacia'),
(34, 107, 'Liquidacion de sueldos', 'Calculo de liquidacion de sueldos y jornales');

-- --------------------------------------------------------

--
-- Estructura de tabla para la tabla `trabajadores_publicaciones`
--

CREATE TABLE IF NOT EXISTS `trabajadores_publicaciones` (
  `id` int(11) NOT NULL AUTO_INCREMENT,
  `id_trabajador` int(11) DEFAULT NULL,
  `titulo` varchar(255) DEFAULT NULL,
  `descripcion` text,
  `amigable` varchar(255) DEFAULT NULL,
  `fecha_creacion` datetime DEFAULT NULL,
  `fecha_actualizacion` datetime DEFAULT NULL,
  PRIMARY KEY (`id`)
) ENGINE=InnoDB  DEFAULT CHARSET=utf8 AUTO_INCREMENT=13 ;

--
-- Volcado de datos para la tabla `trabajadores_publicaciones`
--

INSERT INTO `trabajadores_publicaciones` (`id`, `id_trabajador`, `titulo`, `descripcion`, `amigable`, `fecha_creacion`, `fecha_actualizacion`) VALUES
(1, 1, 'Construcciones en general', '<p>Ejecucion de obras privada $ 1000 el metro</p>', 'construcciones-en-general', '2017-04-22 10:51:01', '2017-04-22 10:51:01'),
(2, 1, 'INSTALACION GAS', '<p>INSTALACION GAS</p>', 'instalacion-gas', '2017-04-22 10:53:54', '2017-04-22 10:53:54'),
(5, 2, 'Diseñadora gráfica super creativa', '<p>Dise&ntilde;os de todo tipo</p>\n<p>Anlisis de imagen y comportamiento</p>\n<p>Mkt Y publidad</p>\n<p>Mis trabajos:&nbsp;https://www.workana.com/dashboard</p>', 'disenadora-grafica-super-creativa', '2017-04-26 19:38:46', '2017-04-26 19:38:46'),
(6, 3, 'Contratos laborales', '<p><strong>ME VENDO!</strong></p>', 'contratos-laborales', '2017-04-28 10:05:26', '2017-04-28 10:05:26'),
(8, 4, 'Reparación de errores de bases de datos', '<p>redaccion&nbsp;</p>', 'reparacion-de-errores-de-bases-de-datos', '2017-05-04 10:08:12', '2017-05-18 14:46:18'),
(9, 10, 'Atención al cliente', '<p>Ofrezco mis servicios&nbsp;</p>', 'atencion-al-cliente', '2017-06-20 11:17:58', '2017-06-20 11:17:58'),
(10, 50, 'master', '<p>venta de&nbsp;</p>', 'master', '2017-07-05 21:40:50', '2017-07-05 21:40:50'),
(11, 56, 'aaa', '<p>hahhahajajhaj</p>', 'aaa', '2017-07-26 16:23:55', '2017-07-26 16:23:55'),
(12, 119, 'Community Manager', '<p>Con m&aacute;s de 6 a&ntilde;os de experiencia en la gesti&oacute;n de redes sociales y atenci&oacute;n al cliente para una empresa de telefon&iacute;a de nivel mundial como lo es Claro Argentina, nos lanzamos hacia un nuevo rumbo como community managers freelance con las expectativas de cubrir las necesidades que cada cliente requiera en sus redes sociales. Experiencia que pocos tienen debido a que conocemos la evoluci&oacute;n de la gesti&oacute;n en las diferentes plataformas como nadie la conoce.</p>\n<p>Nuestra misi&oacute;n es que&nbsp;cada persona, negocio o empresa pueda tener una imagen en las redes.</p>\n<p>Pod&eacute;s contactarme al 3517457757 o a mi mail personal marcosemanuelquevedo@gmail.com</p>', 'community-manager', '2017-08-13 17:06:11', '2017-08-13 17:06:11');

-- --------------------------------------------------------

--
-- Estructura de tabla para la tabla `trabajadores_telefonos`
--

CREATE TABLE IF NOT EXISTS `trabajadores_telefonos` (
  `id` int(11) NOT NULL AUTO_INCREMENT,
  `id_trabajador` int(11) DEFAULT NULL,
  `id_telefono` int(11) DEFAULT NULL,
  `principal` tinyint(4) DEFAULT NULL,
  PRIMARY KEY (`id`)
) ENGINE=InnoDB DEFAULT CHARSET=utf8 AUTO_INCREMENT=1 ;

-- --------------------------------------------------------

--
-- Estructura de tabla para la tabla `uid`
--

CREATE TABLE IF NOT EXISTS `uid` (
  `id` int(11) NOT NULL AUTO_INCREMENT,
  `valor` bigint(20) DEFAULT NULL,
  PRIMARY KEY (`id`)
) ENGINE=InnoDB  DEFAULT CHARSET=utf8 AUTO_INCREMENT=2 ;

--
-- Volcado de datos para la tabla `uid`
--

INSERT INTO `uid` (`id`, `valor`) VALUES
(1, 228);

-- --------------------------------------------------------

--
-- Estructura de tabla para la tabla `usuarios`
--

CREATE TABLE IF NOT EXISTS `usuarios` (
  `id` int(11) NOT NULL AUTO_INCREMENT,
  `nombre` varchar(64) DEFAULT NULL,
  `apellido` varchar(64) DEFAULT NULL,
  `correo_electronico` varchar(255) DEFAULT NULL,
  `clave` varchar(255) DEFAULT NULL,
  `rol` varchar(255) DEFAULT NULL,
  `usuario` varchar(255) DEFAULT NULL,
  PRIMARY KEY (`id`)
) ENGINE=InnoDB  DEFAULT CHARSET=utf8 AUTO_INCREMENT=5 ;

--
-- Volcado de datos para la tabla `usuarios`
--

INSERT INTO `usuarios` (`id`, `nombre`, `apellido`, `correo_electronico`, `clave`, `rol`, `usuario`) VALUES
(1, 'Alz', 'Aldana', 'alz7xj@gmail.com', '1', 'A', 'alz'),
(4, 'DANIEL', 'MAIDANA', 'mitrabajofavorito@gmail.com', 'tuesfuerzoserarecompensado2017 ', 'A', 'daniel');

/*!40101 SET CHARACTER_SET_CLIENT=@OLD_CHARACTER_SET_CLIENT */;
/*!40101 SET CHARACTER_SET_RESULTS=@OLD_CHARACTER_SET_RESULTS */;
/*!40101 SET COLLATION_CONNECTION=@OLD_COLLATION_CONNECTION */;
